employee_id,training_name,training_category,start_date,end_date,duration_days,cost,completion_status,pre_training_score,post_training_score,score_improvement
1,Data Analysis,Technical,2025-12-11,2025-12-12,1,371.16,Completed,62.1,73.79,11.690000000000005
1,Safety Training,Compliance,2026-06-20,2026-06-23,3,1316.87,Dropped,60.39,85.87,25.480000000000004
1,Communication Skills,Soft Skills,2026-05-07,2026-05-08,1,818.2,Completed,67.37,73.59,6.219999999999999
2,Data Analysis,Technical,2025-08-03,2025-08-04,1,693.94,Completed,49.0,54.44,5.439999999999998
2,Technical Skills,Technical,2026-03-31,2026-04-04,4,334.0,Completed,49.39,69.85,20.459999999999994
4,Project Management,Management,2026-01-04,2026-01-05,1,668.89,In Progress,64.67,79.93,15.260000000000005
4,Leadership Workshop,Leadership,2025-10-16,2025-10-20,4,1982.77,Completed,60.54,79.97,19.43
4,Sales Techniques,Functional,2025-10-10,2025-10-14,4,516.95,Dropped,63.77,97.56,33.79
6,Data Analysis,Technical,2026-04-25,2026-04-30,5,928.36,Completed,43.86,62.2,18.340000000000003
6,Leadership Workshop,Leadership,2025-08-26,2025-08-28,2,672.28,Completed,56.25,90.04,33.790000000000006
6,Safety Training,Compliance,2025-12-19,2025-12-23,4,1892.43,Dropped,50.72,75.35,24.629999999999995
7,Technical Skills,Technical,2025-07-18,2025-07-21,3,471.68,Completed,52.88,63.43,10.549999999999997
7,Leadership Workshop,Leadership,2026-03-04,2026-03-07,3,1378.04,In Progress,36.54,57.51,20.97
7,Project Management,Management,2025-11-28,2025-12-02,4,1019.14,In Progress,45.73,73.07,27.339999999999996
8,Project Management,Management,2025-12-28,2025-12-31,3,760.01,Completed,61.74,82.22,20.479999999999997
8,Data Analysis,Technical,2026-03-04,2026-03-08,4,896.07,In Progress,64.1,80.98,16.88000000000001
9,Project Management,Management,2026-01-20,2026-01-23,3,1459.04,Completed,34.71,56.66,21.949999999999996
13,Project Management,Management,2026-06-25,2026-06-30,5,650.5,Dropped,46.18,66.52,20.339999999999996
13,Sales Techniques,Functional,2025-09-27,2025-09-28,1,1358.49,Completed,62.14,94.86,32.72
14,Technical Skills,Technical,2025-11-30,2025-12-01,1,1020.77,Completed,50.19,63.41,13.219999999999999
14,Safety Training,Compliance,2025-08-25,2025-08-26,1,1890.21,Completed,48.67,81.14,32.47
14,Communication Skills,Soft Skills,2025-12-29,2026-01-02,4,1154.98,In Progress,64.34,96.51,32.17
16,Communication Skills,Soft Skills,2025-10-09,2025-10-11,2,900.74,Dropped,49.99,63.18,13.189999999999998
16,Data Analysis,Technical,2025-10-04,2025-10-06,2,1919.83,Dropped,58.35,65.12,6.770000000000003
16,Technical Skills,Technical,2026-01-09,2026-01-14,5,402.22,Dropped,54.96,85.13,30.169999999999995
17,Leadership Workshop,Leadership,2026-06-02,2026-06-07,5,388.48,Completed,36.51,52.64,16.130000000000003
17,Data Analysis,Technical,2025-12-08,2025-12-11,3,734.31,Completed,67.17,86.52,19.349999999999994
17,Diversity & Inclusion,Soft Skills,2025-10-02,2025-10-03,1,938.82,Completed,65.68,87.27,21.58999999999999
18,Project Management,Management,2025-09-20,2025-09-25,5,681.13,In Progress,40.06,66.99,26.929999999999993
18,Communication Skills,Soft Skills,2026-06-20,2026-06-23,3,1864.31,Completed,38.69,45.65,6.960000000000001
18,Sales Techniques,Functional,2026-01-29,2026-01-31,2,1117.69,In Progress,59.88,68.82,8.93999999999999
18,Leadership Workshop,Leadership,2026-05-07,2026-05-12,5,1536.98,Completed,63.89,88.56,24.67
19,Diversity & Inclusion,Soft Skills,2025-12-12,2025-12-13,1,1313.97,Completed,32.48,66.52,34.04
21,Leadership Workshop,Leadership,2025-08-01,2025-08-02,1,1251.27,Dropped,34.78,55.13,20.35
21,Project Management,Management,2025-09-13,2025-09-15,2,1061.84,Completed,57.97,70.73,12.760000000000005
21,Communication Skills,Soft Skills,2026-02-06,2026-02-11,5,1440.72,Completed,59.99,75.25,15.259999999999998
22,Technical Skills,Technical,2026-04-21,2026-04-23,2,1357.88,Completed,32.04,64.49,32.449999999999996
22,Project Management,Management,2025-08-31,2025-09-02,2,366.44,Completed,58.63,88.36,29.729999999999997
23,Safety Training,Compliance,2025-08-09,2025-08-11,2,252.99,Completed,61.6,75.2,13.600000000000001
24,Leadership Workshop,Leadership,2026-03-23,2026-03-27,4,220.23,Completed,54.87,63.89,9.020000000000003
24,Diversity & Inclusion,Soft Skills,2026-02-26,2026-02-28,2,650.24,Dropped,56.18,82.22,26.04
25,Leadership Workshop,Leadership,2026-01-02,2026-01-03,1,1604.25,Dropped,41.15,55.89,14.740000000000002
25,Sales Techniques,Functional,2026-02-08,2026-02-11,3,1082.77,Completed,32.11,66.4,34.290000000000006
25,Project Management,Management,2026-01-11,2026-01-16,5,1569.98,Completed,68.65,91.53,22.879999999999995
28,Diversity & Inclusion,Soft Skills,2025-07-26,2025-07-31,5,980.49,Completed,44.17,63.89,19.72
29,Leadership Workshop,Leadership,2025-11-26,2025-11-28,2,1410.2,Dropped,45.95,68.01,22.060000000000002
29,Diversity & Inclusion,Soft Skills,2025-12-04,2025-12-07,3,1930.51,Completed,53.08,62.57,9.490000000000002
29,Sales Techniques,Functional,2025-11-20,2025-11-24,4,355.64,Completed,34.63,64.52,29.889999999999993
31,Leadership Workshop,Leadership,2026-01-05,2026-01-10,5,1994.28,In Progress,58.75,75.81,17.060000000000002
31,Technical Skills,Technical,2025-10-06,2025-10-07,1,1255.5,Completed,61.03,90.08,29.049999999999997
31,Diversity & Inclusion,Soft Skills,2025-11-15,2025-11-20,5,928.35,Completed,60.67,74.91,14.239999999999995
31,Sales Techniques,Functional,2026-05-02,2026-05-06,4,1598.79,Completed,33.28,67.9,34.620000000000005
32,Data Analysis,Technical,2025-07-23,2025-07-26,3,910.79,Completed,46.47,78.07,31.599999999999994
32,Safety Training,Compliance,2026-02-25,2026-02-26,1,1983.45,Completed,33.46,56.63,23.17
33,Communication Skills,Soft Skills,2025-08-10,2025-08-11,1,1892.1,Dropped,69.23,82.83,13.599999999999994
33,Data Analysis,Technical,2026-03-29,2026-04-01,3,405.32,Dropped,47.49,52.63,5.140000000000001
33,Technical Skills,Technical,2026-02-09,2026-02-10,1,1838.98,Completed,67.44,74.18,6.740000000000009
34,Safety Training,Compliance,2026-06-29,2026-07-02,3,1793.31,Completed,67.67,83.88,16.209999999999994
34,Sales Techniques,Functional,2025-09-08,2025-09-12,4,1207.94,Dropped,32.5,62.75,30.25
35,Technical Skills,Technical,2025-10-17,2025-10-18,1,793.21,Completed,46.5,62.45,15.950000000000003
35,Diversity & Inclusion,Soft Skills,2025-11-02,2025-11-03,1,1888.69,Completed,65.58,83.93,18.35000000000001
36,Leadership Workshop,Leadership,2025-07-08,2025-07-11,3,407.25,Completed,65.96,99.97,34.010000000000005
36,Data Analysis,Technical,2026-01-27,2026-01-29,2,418.52,Completed,51.76,66.79,15.030000000000008
36,Sales Techniques,Functional,2025-11-15,2025-11-18,3,1958.97,In Progress,38.33,57.72,19.39
39,Safety Training,Compliance,2026-02-13,2026-02-18,5,1861.84,Dropped,35.84,45.24,9.399999999999999
40,Sales Techniques,Functional,2026-02-05,2026-02-08,3,396.31,Completed,41.99,53.98,11.989999999999995
40,Project Management,Management,2026-05-29,2026-05-30,1,971.59,Completed,32.44,58.38,25.940000000000005
40,Data Analysis,Technical,2025-08-09,2025-08-11,2,1185.55,Completed,31.13,41.57,10.440000000000001
42,Project Management,Management,2026-03-02,2026-03-05,3,1932.51,In Progress,41.49,55.71,14.219999999999999
46,Sales Techniques,Functional,2025-12-04,2025-12-08,4,344.14,In Progress,54.49,75.83,21.339999999999996
47,Leadership Workshop,Leadership,2025-09-10,2025-09-12,2,1541.35,Completed,61.37,75.56,14.190000000000005
47,Safety Training,Compliance,2025-10-05,2025-10-06,1,1328.4,Completed,50.26,59.53,9.270000000000003
48,Project Management,Management,2026-02-13,2026-02-14,1,412.12,Dropped,44.9,53.38,8.480000000000004
48,Diversity & Inclusion,Soft Skills,2026-03-07,2026-03-10,3,841.94,Completed,66.42,100.0,33.58
48,Sales Techniques,Functional,2025-11-20,2025-11-23,3,1285.52,Completed,49.01,76.0,26.990000000000002
49,Safety Training,Compliance,2025-12-08,2025-12-10,2,1851.86,In Progress,42.05,49.99,7.940000000000005
49,Sales Techniques,Functional,2026-04-15,2026-04-18,3,238.16,Completed,43.17,50.36,7.189999999999998
49,Communication Skills,Soft Skills,2025-12-03,2025-12-06,3,1102.19,Completed,37.99,56.03,18.04
50,Data Analysis,Technical,2025-09-21,2025-09-22,1,1160.16,In Progress,53.06,68.99,15.929999999999993
50,Communication Skills,Soft Skills,2025-11-09,2025-11-13,4,456.65,Dropped,37.79,47.56,9.770000000000003
50,Safety Training,Compliance,2025-07-19,2025-07-22,3,1395.37,Completed,54.61,78.13,23.519999999999996
50,Project Management,Management,2026-02-18,2026-02-22,4,1846.81,Completed,58.7,87.14,28.439999999999998
52,Project Management,Management,2025-12-27,2026-01-01,5,661.21,Completed,60.91,81.85,20.939999999999998
52,Leadership Workshop,Leadership,2026-01-30,2026-02-01,2,689.75,Dropped,44.21,49.45,5.240000000000002
53,Sales Techniques,Functional,2025-10-19,2025-10-20,1,488.07,Completed,59.27,79.13,19.859999999999992
53,Safety Training,Compliance,2026-02-04,2026-02-09,5,972.69,Completed,46.38,72.89,26.509999999999998
53,Diversity & Inclusion,Soft Skills,2025-11-26,2025-11-29,3,1652.11,In Progress,43.61,63.44,19.83
54,Communication Skills,Soft Skills,2025-09-01,2025-09-06,5,964.94,Completed,31.11,47.41,16.299999999999997
54,Diversity & Inclusion,Soft Skills,2025-08-18,2025-08-19,1,1130.76,Completed,54.97,63.02,8.050000000000004
54,Leadership Workshop,Leadership,2025-12-21,2025-12-25,4,1670.68,Dropped,37.12,45.92,8.800000000000004
55,Project Management,Management,2026-02-12,2026-02-15,3,1487.05,Completed,60.16,74.57,14.409999999999997
55,Sales Techniques,Functional,2025-10-08,2025-10-11,3,345.91,Completed,43.84,51.31,7.469999999999999
55,Communication Skills,Soft Skills,2026-05-20,2026-05-22,2,743.61,Completed,41.8,55.76,13.96
57,Diversity & Inclusion,Soft Skills,2025-12-22,2025-12-24,2,1052.57,Completed,34.81,54.92,20.11
58,Safety Training,Compliance,2026-05-08,2026-05-12,4,1043.87,In Progress,60.71,66.44,5.729999999999997
59,Leadership Workshop,Leadership,2025-12-12,2025-12-16,4,1004.06,Completed,30.84,47.4,16.56
61,Diversity & Inclusion,Soft Skills,2025-09-09,2025-09-13,4,521.97,Completed,49.57,73.99,24.419999999999995
62,Leadership Workshop,Leadership,2025-09-19,2025-09-24,5,964.5,Completed,65.28,94.94,29.659999999999997
62,Data Analysis,Technical,2025-09-24,2025-09-29,5,336.21,In Progress,49.54,57.16,7.619999999999997
62,Communication Skills,Soft Skills,2025-10-30,2025-10-31,1,1781.21,Completed,30.55,39.19,8.639999999999997
63,Project Management,Management,2025-10-11,2025-10-14,3,911.97,Completed,38.47,51.8,13.329999999999998
63,Diversity & Inclusion,Soft Skills,2025-10-03,2025-10-08,5,1811.09,In Progress,42.72,51.19,8.469999999999999
64,Leadership Workshop,Leadership,2026-01-30,2026-02-04,5,328.78,Completed,42.76,54.98,12.219999999999999
66,Technical Skills,Technical,2025-09-07,2025-09-10,3,1383.94,Completed,50.19,80.4,30.210000000000008
67,Communication Skills,Soft Skills,2025-09-04,2025-09-07,3,428.3,Completed,68.12,89.61,21.489999999999995
67,Leadership Workshop,Leadership,2025-12-10,2025-12-14,4,1813.73,Dropped,48.4,73.56,25.160000000000004
67,Safety Training,Compliance,2025-11-14,2025-11-18,4,517.77,Dropped,65.92,74.64,8.719999999999999
68,Diversity & Inclusion,Soft Skills,2025-08-07,2025-08-08,1,1802.97,Dropped,60.72,82.64,21.92
68,Technical Skills,Technical,2026-02-25,2026-03-02,5,1132.0,Completed,52.16,77.47,25.310000000000002
69,Safety Training,Compliance,2026-02-08,2026-02-13,5,455.63,In Progress,54.5,81.86,27.36
69,Leadership Workshop,Leadership,2026-06-13,2026-06-17,4,289.63,Dropped,67.3,76.46,9.159999999999997
70,Data Analysis,Technical,2025-08-16,2025-08-18,2,1796.8,Completed,61.52,78.84,17.32
70,Leadership Workshop,Leadership,2025-10-31,2025-11-01,1,1381.91,Completed,42.12,58.41,16.29
70,Project Management,Management,2025-07-13,2025-07-18,5,307.41,Completed,64.4,88.87,24.47
71,Leadership Workshop,Leadership,2026-04-26,2026-04-28,2,1118.8,Completed,67.95,76.11,8.159999999999997
74,Communication Skills,Soft Skills,2025-12-21,2025-12-24,3,1440.02,Dropped,50.1,68.73,18.630000000000003
74,Diversity & Inclusion,Soft Skills,2026-05-01,2026-05-04,3,480.69,In Progress,51.81,69.62,17.810000000000002
74,Sales Techniques,Functional,2025-10-21,2025-10-25,4,461.87,In Progress,68.14,90.21,22.069999999999993
75,Communication Skills,Soft Skills,2025-11-01,2025-11-03,2,1362.51,Completed,34.12,66.89,32.77
75,Safety Training,Compliance,2026-01-27,2026-01-31,4,1157.81,Dropped,49.93,78.99,29.059999999999995
75,Sales Techniques,Functional,2026-05-30,2026-06-04,5,1456.73,Dropped,57.67,63.62,5.949999999999996
79,Data Analysis,Technical,2026-05-08,2026-05-13,5,696.31,Completed,63.31,94.89,31.58
79,Leadership Workshop,Leadership,2026-04-29,2026-05-03,4,669.27,Completed,54.39,78.69,24.299999999999997
80,Technical Skills,Technical,2025-10-21,2025-10-26,5,1166.61,Completed,45.49,77.0,31.509999999999998
81,Safety Training,Compliance,2026-03-09,2026-03-13,4,1532.28,In Progress,33.83,61.84,28.010000000000005
82,Sales Techniques,Functional,2026-03-10,2026-03-11,1,463.27,Completed,51.13,58.25,7.119999999999997
82,Communication Skills,Soft Skills,2026-06-11,2026-06-16,5,1047.21,Completed,56.22,64.34,8.120000000000005
82,Technical Skills,Technical,2026-02-27,2026-03-01,2,1496.53,In Progress,33.36,41.67,8.310000000000002
82,Data Analysis,Technical,2025-12-07,2025-12-12,5,750.66,Completed,43.16,66.92,23.760000000000005
83,Communication Skills,Soft Skills,2026-05-20,2026-05-23,3,1233.35,Completed,41.41,65.88,24.47
83,Sales Techniques,Functional,2025-12-23,2025-12-28,5,874.26,Dropped,50.82,65.14,14.32
83,Data Analysis,Technical,2026-02-06,2026-02-11,5,696.41,Completed,64.54,79.55,15.009999999999991
83,Technical Skills,Technical,2026-02-28,2026-03-04,4,550.88,Completed,55.76,67.72,11.96
84,Diversity & Inclusion,Soft Skills,2026-02-01,2026-02-02,1,1264.89,Completed,53.41,88.24,34.83
84,Project Management,Management,2026-04-15,2026-04-19,4,496.33,Dropped,58.2,88.34,30.14
86,Safety Training,Compliance,2026-03-30,2026-04-03,4,1606.29,Completed,51.52,58.27,6.75
87,Sales Techniques,Functional,2026-05-02,2026-05-03,1,1322.76,Completed,56.05,62.36,6.310000000000002
87,Data Analysis,Technical,2025-08-17,2025-08-20,3,1335.56,Dropped,65.94,100.0,34.06
88,Communication Skills,Soft Skills,2026-03-11,2026-03-16,5,325.45,Completed,58.68,90.77,32.089999999999996
88,Leadership Workshop,Leadership,2025-12-07,2025-12-11,4,1777.19,Dropped,55.61,73.15,17.540000000000006
88,Project Management,Management,2025-10-05,2025-10-09,4,515.88,Dropped,40.02,66.27,26.249999999999993
88,Technical Skills,Technical,2026-04-12,2026-04-16,4,1292.24,Completed,66.65,88.04,21.39
89,Communication Skills,Soft Skills,2026-01-18,2026-01-19,1,1155.68,Dropped,51.42,77.95,26.53
90,Technical Skills,Technical,2026-05-06,2026-05-08,2,1972.0,Completed,32.85,49.74,16.89
90,Project Management,Management,2025-08-28,2025-08-31,3,1613.78,Completed,50.06,83.62,33.56
90,Communication Skills,Soft Skills,2026-03-22,2026-03-23,1,364.51,Completed,37.24,56.23,18.989999999999995
91,Leadership Workshop,Leadership,2026-04-10,2026-04-14,4,1429.48,Completed,42.55,57.19,14.64
91,Diversity & Inclusion,Soft Skills,2025-08-28,2025-08-31,3,1626.68,Completed,34.01,55.87,21.86
94,Diversity & Inclusion,Soft Skills,2025-07-27,2025-08-01,5,625.92,Completed,45.61,58.15,12.54
95,Technical Skills,Technical,2025-07-20,2025-07-22,2,1693.66,Dropped,62.5,87.95,25.450000000000003
95,Data Analysis,Technical,2026-03-09,2026-03-13,4,1780.19,Completed,35.49,54.92,19.43
95,Diversity & Inclusion,Soft Skills,2026-04-22,2026-04-24,2,305.7,In Progress,58.91,90.13,31.22
97,Sales Techniques,Functional,2025-09-28,2025-10-02,4,1198.0,Completed,64.82,98.14,33.32000000000001
97,Project Management,Management,2026-03-19,2026-03-23,4,1209.84,Completed,42.67,69.2,26.53
99,Diversity & Inclusion,Soft Skills,2025-08-11,2025-08-16,5,507.48,Completed,61.14,74.25,13.11
100,Leadership Workshop,Leadership,2026-04-27,2026-05-02,5,878.71,Completed,50.9,74.98,24.080000000000005
102,Communication Skills,Soft Skills,2025-11-06,2025-11-10,4,1160.94,Completed,63.97,74.3,10.329999999999998
102,Data Analysis,Technical,2025-09-18,2025-09-19,1,1719.32,Dropped,60.69,69.28,8.590000000000003
102,Technical Skills,Technical,2025-07-09,2025-07-11,2,762.08,Completed,52.68,57.74,5.060000000000002
102,Project Management,Management,2025-08-19,2025-08-24,5,1156.18,Completed,47.24,64.46,17.21999999999999
104,Leadership Workshop,Leadership,2026-01-24,2026-01-25,1,1504.65,Completed,49.39,72.69,23.299999999999997
104,Data Analysis,Technical,2026-01-18,2026-01-19,1,455.37,Dropped,67.92,89.84,21.92
104,Technical Skills,Technical,2025-11-17,2025-11-19,2,1792.87,Completed,40.24,58.61,18.369999999999997
104,Sales Techniques,Functional,2025-08-18,2025-08-20,2,337.78,Completed,52.13,65.13,12.999999999999993
105,Technical Skills,Technical,2026-02-15,2026-02-17,2,1483.21,In Progress,53.8,65.55,11.75
105,Safety Training,Compliance,2025-12-22,2025-12-23,1,1867.68,Completed,39.11,55.92,16.810000000000002
105,Sales Techniques,Functional,2025-11-30,2025-12-05,5,450.56,Completed,39.93,58.67,18.740000000000002
107,Diversity & Inclusion,Soft Skills,2026-06-07,2026-06-10,3,1377.58,Completed,54.09,64.84,10.75
107,Data Analysis,Technical,2025-11-29,2025-12-01,2,649.14,Completed,30.33,51.1,20.770000000000003
110,Project Management,Management,2025-07-27,2025-07-29,2,638.05,Completed,67.05,96.97,29.92
110,Communication Skills,Soft Skills,2026-06-07,2026-06-09,2,808.08,In Progress,69.87,80.86,10.989999999999995
110,Diversity & Inclusion,Soft Skills,2026-06-19,2026-06-22,3,1200.12,Dropped,32.89,44.33,11.439999999999998
110,Safety Training,Compliance,2025-09-21,2025-09-26,5,1242.1,Completed,46.4,58.16,11.759999999999998
111,Leadership Workshop,Leadership,2026-02-22,2026-02-24,2,1086.83,Completed,36.97,54.49,17.520000000000003
112,Data Analysis,Technical,2025-11-01,2025-11-05,4,1228.29,Completed,65.94,89.06,23.120000000000005
112,Communication Skills,Soft Skills,2025-07-28,2025-08-01,4,1724.96,Completed,68.45,79.72,11.269999999999996
113,Leadership Workshop,Leadership,2025-08-01,2025-08-04,3,1818.98,Dropped,66.0,98.0,32.0
114,Sales Techniques,Functional,2026-03-20,2026-03-23,3,1247.63,Completed,30.61,37.63,7.020000000000003
114,Project Management,Management,2025-11-19,2025-11-21,2,687.52,Completed,57.92,83.21,25.289999999999992
114,Technical Skills,Technical,2025-08-08,2025-08-11,3,1974.43,Completed,44.81,71.46,26.64999999999999
115,Project Management,Management,2025-08-13,2025-08-18,5,1812.09,Dropped,68.48,97.73,29.25
115,Data Analysis,Technical,2026-01-25,2026-01-27,2,1619.96,In Progress,30.31,53.81,23.500000000000004
115,Sales Techniques,Functional,2025-11-12,2025-11-13,1,656.86,Dropped,62.33,86.04,23.710000000000008
115,Leadership Workshop,Leadership,2026-01-16,2026-01-19,3,1798.01,In Progress,52.36,79.67,27.310000000000002
116,Project Management,Management,2025-12-01,2025-12-03,2,1155.77,Completed,37.92,56.59,18.67
117,Safety Training,Compliance,2025-09-02,2025-09-05,3,1727.3,Completed,69.79,83.3,13.509999999999991
118,Communication Skills,Soft Skills,2025-07-20,2025-07-25,5,1503.09,Completed,45.97,61.18,15.21
118,Leadership Workshop,Leadership,2026-04-16,2026-04-17,1,1810.17,In Progress,39.85,69.88,30.029999999999994
118,Data Analysis,Technical,2026-04-06,2026-04-07,1,1873.18,Completed,45.23,52.48,7.25
119,Project Management,Management,2025-08-15,2025-08-20,5,693.72,Completed,59.57,71.39,11.82
119,Data Analysis,Technical,2026-06-06,2026-06-07,1,1573.08,Completed,32.5,56.53,24.03
119,Leadership Workshop,Leadership,2026-05-21,2026-05-26,5,414.26,Dropped,54.77,62.96,8.189999999999998
119,Communication Skills,Soft Skills,2026-04-13,2026-04-18,5,1621.62,Completed,57.79,62.85,5.060000000000002
120,Technical Skills,Technical,2026-01-22,2026-01-25,3,839.94,In Progress,65.67,88.69,23.019999999999996
120,Data Analysis,Technical,2025-11-01,2025-11-04,3,831.47,Completed,63.98,74.71,10.729999999999997
121,Diversity & Inclusion,Soft Skills,2026-04-11,2026-04-12,1,686.2,Dropped,56.56,83.55,26.989999999999995
122,Sales Techniques,Functional,2025-07-21,2025-07-26,5,1944.91,Dropped,61.95,78.56,16.61
123,Diversity & Inclusion,Soft Skills,2025-07-28,2025-07-31,3,1906.33,Completed,34.43,60.53,26.1
123,Technical Skills,Technical,2026-01-29,2026-02-02,4,1987.28,Completed,52.64,61.83,9.189999999999998
124,Diversity & Inclusion,Soft Skills,2026-03-08,2026-03-13,5,353.28,Completed,48.91,62.28,13.370000000000005
125,Data Analysis,Technical,2025-08-22,2025-08-23,1,411.83,Dropped,41.19,63.49,22.300000000000004
125,Diversity & Inclusion,Soft Skills,2026-05-02,2026-05-04,2,702.49,In Progress,54.27,72.82,18.54999999999999
126,Safety Training,Compliance,2026-03-23,2026-03-26,3,1200.36,Dropped,45.29,55.23,9.939999999999998
127,Communication Skills,Soft Skills,2026-02-01,2026-02-06,5,546.68,Completed,62.63,80.05,17.419999999999995
128,Technical Skills,Technical,2025-12-04,2025-12-05,1,917.55,In Progress,49.72,61.16,11.439999999999998
128,Diversity & Inclusion,Soft Skills,2026-05-11,2026-05-16,5,1398.22,In Progress,43.45,50.78,7.329999999999998
129,Diversity & Inclusion,Soft Skills,2025-10-31,2025-11-04,4,1882.27,Completed,39.79,73.86,34.07
129,Leadership Workshop,Leadership,2026-05-06,2026-05-09,3,405.59,In Progress,47.49,67.77,20.279999999999994
129,Data Analysis,Technical,2026-04-09,2026-04-11,2,550.09,In Progress,49.23,58.03,8.800000000000004
130,Technical Skills,Technical,2026-03-18,2026-03-23,5,750.89,Completed,67.48,100.0,32.519999999999996
130,Sales Techniques,Functional,2026-01-18,2026-01-23,5,1566.73,Completed,44.4,75.39,30.990000000000002
133,Communication Skills,Soft Skills,2025-09-16,2025-09-21,5,809.73,In Progress,58.72,84.68,25.960000000000008
133,Technical Skills,Technical,2026-02-20,2026-02-23,3,1769.33,Completed,57.09,80.02,22.929999999999993
133,Sales Techniques,Functional,2025-09-09,2025-09-13,4,1748.57,In Progress,63.41,89.66,26.25
133,Data Analysis,Technical,2026-03-27,2026-03-29,2,882.94,Dropped,56.14,73.76,17.620000000000005
134,Sales Techniques,Functional,2026-02-24,2026-02-25,1,349.44,Completed,48.97,75.29,26.320000000000007
134,Diversity & Inclusion,Soft Skills,2026-06-20,2026-06-23,3,1131.33,Completed,48.93,78.2,29.270000000000003
134,Technical Skills,Technical,2026-03-19,2026-03-21,2,1588.9,Dropped,44.51,69.94,25.43
134,Communication Skills,Soft Skills,2025-11-09,2025-11-13,4,1975.82,Completed,32.46,50.3,17.839999999999996
135,Communication Skills,Soft Skills,2026-06-26,2026-07-01,5,499.46,In Progress,54.33,87.75,33.42
135,Technical Skills,Technical,2026-03-05,2026-03-06,1,787.85,In Progress,42.97,75.65,32.68000000000001
135,Sales Techniques,Functional,2025-12-04,2025-12-09,5,743.03,In Progress,43.94,69.45,25.510000000000005
135,Safety Training,Compliance,2025-07-06,2025-07-08,2,219.43,In Progress,55.36,61.02,5.660000000000004
136,Leadership Workshop,Leadership,2025-11-10,2025-11-14,4,444.68,Dropped,30.22,42.13,11.910000000000004
136,Diversity & Inclusion,Soft Skills,2026-06-28,2026-07-02,4,1949.98,In Progress,30.6,41.22,10.619999999999997
136,Communication Skills,Soft Skills,2026-02-18,2026-02-19,1,1207.5,Completed,45.62,66.33,20.71
137,Leadership Workshop,Leadership,2026-04-13,2026-04-14,1,1710.19,Dropped,57.61,63.55,5.939999999999998
137,Technical Skills,Technical,2026-02-08,2026-02-12,4,1116.78,Completed,64.38,72.1,7.719999999999999
137,Project Management,Management,2026-02-15,2026-02-19,4,530.7,Completed,42.86,66.02,23.159999999999997
137,Diversity & Inclusion,Soft Skills,2026-06-03,2026-06-04,1,1266.22,In Progress,42.51,69.5,26.990000000000002
138,Diversity & Inclusion,Soft Skills,2026-05-08,2026-05-11,3,1524.87,Completed,57.43,71.96,14.529999999999994
140,Leadership Workshop,Leadership,2026-07-02,2026-07-05,3,1153.42,Completed,40.34,46.51,6.169999999999995
141,Leadership Workshop,Leadership,2026-03-11,2026-03-12,1,744.51,Completed,42.9,65.57,22.669999999999995
141,Communication Skills,Soft Skills,2026-07-05,2026-07-07,2,330.05,Completed,68.48,86.57,18.08999999999999
141,Safety Training,Compliance,2026-06-01,2026-06-03,2,1933.2,Completed,57.24,65.2,7.960000000000001
141,Project Management,Management,2026-02-17,2026-02-22,5,747.37,Dropped,41.93,70.38,28.449999999999996
142,Project Management,Management,2026-01-26,2026-01-27,1,999.98,Completed,67.62,97.56,29.939999999999998
142,Leadership Workshop,Leadership,2026-01-21,2026-01-23,2,1506.24,Completed,50.64,76.49,25.849999999999994
143,Project Management,Management,2026-06-04,2026-06-07,3,528.2,Completed,54.78,67.39,12.61
143,Diversity & Inclusion,Soft Skills,2026-03-19,2026-03-24,5,498.9,Completed,57.69,76.1,18.409999999999997
144,Technical Skills,Technical,2025-12-21,2025-12-24,3,433.97,Dropped,56.94,90.05,33.11
144,Project Management,Management,2026-04-09,2026-04-13,4,585.86,Completed,50.29,77.89,27.6
144,Diversity & Inclusion,Soft Skills,2025-12-15,2025-12-17,2,728.99,Completed,39.71,47.5,7.789999999999999
144,Safety Training,Compliance,2026-03-03,2026-03-05,2,1529.01,Dropped,56.85,66.95,10.100000000000001
146,Leadership Workshop,Leadership,2025-11-22,2025-11-24,2,689.94,Completed,69.61,100.0,30.39
146,Diversity & Inclusion,Soft Skills,2026-03-17,2026-03-21,4,1320.59,Completed,64.03,92.53,28.5
146,Safety Training,Compliance,2025-11-17,2025-11-22,5,1197.62,Completed,68.69,86.64,17.950000000000003
146,Technical Skills,Technical,2026-05-25,2026-05-29,4,1189.5,In Progress,52.94,62.22,9.280000000000001
148,Diversity & Inclusion,Soft Skills,2025-08-10,2025-08-15,5,1819.52,In Progress,37.23,64.38,27.15
148,Communication Skills,Soft Skills,2026-01-29,2026-02-03,5,1812.24,Completed,69.11,80.74,11.629999999999995
148,Leadership Workshop,Leadership,2025-09-21,2025-09-23,2,1697.81,In Progress,38.56,64.83,26.269999999999996
148,Safety Training,Compliance,2026-05-13,2026-05-17,4,500.62,Completed,50.37,72.41,22.04
149,Technical Skills,Technical,2026-06-29,2026-07-02,3,1253.59,Dropped,38.49,54.33,15.839999999999996
149,Diversity & Inclusion,Soft Skills,2025-11-01,2025-11-02,1,1815.48,In Progress,39.58,59.89,20.310000000000002
149,Project Management,Management,2026-06-29,2026-07-02,3,1795.46,Dropped,49.35,58.83,9.479999999999997
149,Safety Training,Compliance,2026-02-24,2026-02-26,2,1317.7,Completed,59.34,74.13,14.789999999999992
150,Sales Techniques,Functional,2025-11-29,2025-12-03,4,444.28,Completed,60.1,91.3,31.199999999999996
151,Project Management,Management,2025-12-01,2025-12-02,1,1142.17,Completed,51.5,57.61,6.109999999999999
151,Sales Techniques,Functional,2026-04-17,2026-04-21,4,619.25,Completed,69.54,77.84,8.299999999999997
151,Technical Skills,Technical,2026-03-18,2026-03-23,5,1347.6,Completed,44.82,71.28,26.46
152,Project Management,Management,2026-04-02,2026-04-07,5,809.41,Completed,35.14,50.24,15.100000000000001
153,Project Management,Management,2026-04-11,2026-04-14,3,1811.0,Completed,58.02,78.09,20.07
154,Diversity & Inclusion,Soft Skills,2025-08-05,2025-08-06,1,389.8,In Progress,69.91,96.95,27.040000000000006
154,Technical Skills,Technical,2025-11-20,2025-11-24,4,1308.47,In Progress,37.58,53.1,15.520000000000003
155,Leadership Workshop,Leadership,2025-12-12,2025-12-13,1,497.8,In Progress,69.68,75.67,5.989999999999995
155,Safety Training,Compliance,2026-05-07,2026-05-12,5,1719.32,Completed,32.12,62.06,29.940000000000005
155,Technical Skills,Technical,2025-10-01,2025-10-06,5,1108.02,In Progress,50.86,69.75,18.89
155,Diversity & Inclusion,Soft Skills,2025-11-22,2025-11-24,2,343.75,Dropped,64.87,91.78,26.909999999999997
156,Safety Training,Compliance,2026-03-02,2026-03-07,5,1498.78,Completed,54.25,85.93,31.680000000000007
156,Data Analysis,Technical,2026-05-30,2026-06-04,5,455.69,In Progress,51.14,84.17,33.03
156,Project Management,Management,2026-03-05,2026-03-08,3,720.94,Completed,31.86,38.08,6.219999999999999
156,Technical Skills,Technical,2026-05-21,2026-05-22,1,630.12,Dropped,61.37,94.3,32.93
157,Technical Skills,Technical,2025-11-08,2025-11-09,1,579.39,Dropped,67.01,75.2,8.189999999999998
157,Data Analysis,Technical,2025-08-15,2025-08-19,4,1181.8,Completed,59.25,74.42,15.170000000000002
157,Safety Training,Compliance,2026-03-06,2026-03-11,5,535.38,Completed,36.39,44.12,7.729999999999997
157,Sales Techniques,Functional,2026-03-04,2026-03-07,3,935.18,Completed,47.88,77.42,29.54
158,Project Management,Management,2025-09-03,2025-09-08,5,619.4,In Progress,53.89,72.85,18.959999999999994
159,Sales Techniques,Functional,2025-12-26,2025-12-29,3,1870.98,Dropped,36.16,70.82,34.66
159,Diversity & Inclusion,Soft Skills,2026-03-12,2026-03-16,4,1364.65,Dropped,69.46,97.55,28.090000000000003
159,Project Management,Management,2026-02-19,2026-02-23,4,368.71,Completed,40.69,52.22,11.530000000000001
159,Data Analysis,Technical,2025-07-05,2025-07-08,3,993.32,Dropped,61.19,90.55,29.36
160,Sales Techniques,Functional,2025-09-16,2025-09-18,2,338.07,Completed,37.92,56.49,18.57
160,Technical Skills,Technical,2025-08-06,2025-08-08,2,1893.68,Completed,31.56,40.01,8.45
161,Technical Skills,Technical,2026-02-10,2026-02-11,1,871.46,Completed,57.88,79.08,21.199999999999996
161,Diversity & Inclusion,Soft Skills,2026-06-08,2026-06-09,1,1162.04,Completed,59.89,74.11,14.219999999999999
161,Sales Techniques,Functional,2026-05-12,2026-05-17,5,212.69,In Progress,58.48,83.92,25.440000000000005
162,Technical Skills,Technical,2025-11-16,2025-11-20,4,442.9,Completed,52.93,82.01,29.080000000000005
162,Diversity & Inclusion,Soft Skills,2026-06-11,2026-06-12,1,1202.96,In Progress,37.18,69.75,32.57
163,Safety Training,Compliance,2025-11-23,2025-11-25,2,1778.2,In Progress,31.74,50.9,19.16
163,Leadership Workshop,Leadership,2025-10-27,2025-10-31,4,1982.71,Completed,36.31,58.56,22.25
163,Technical Skills,Technical,2025-08-13,2025-08-18,5,310.12,Dropped,39.22,61.38,22.160000000000004
163,Communication Skills,Soft Skills,2026-02-17,2026-02-20,3,1425.5,Dropped,68.84,75.42,6.579999999999998
164,Project Management,Management,2025-07-18,2025-07-20,2,1763.06,Completed,48.23,60.03,11.800000000000004
164,Diversity & Inclusion,Soft Skills,2025-07-25,2025-07-29,4,1341.29,Completed,62.79,83.08,20.29
164,Sales Techniques,Functional,2026-02-09,2026-02-12,3,615.14,Dropped,30.25,60.76,30.509999999999998
166,Diversity & Inclusion,Soft Skills,2026-01-26,2026-01-27,1,1193.32,In Progress,61.45,91.0,29.549999999999997
166,Technical Skills,Technical,2026-03-18,2026-03-23,5,682.4,Completed,62.49,70.09,7.600000000000001
166,Sales Techniques,Functional,2026-02-17,2026-02-20,3,262.78,Dropped,63.78,85.28,21.5
166,Data Analysis,Technical,2026-06-21,2026-06-23,2,507.33,Completed,40.31,68.94,28.629999999999995
167,Sales Techniques,Functional,2025-11-26,2025-11-27,1,1006.98,Dropped,33.53,56.68,23.15
169,Sales Techniques,Functional,2025-08-02,2025-08-03,1,403.73,Dropped,66.32,97.21,30.89
169,Communication Skills,Soft Skills,2026-03-04,2026-03-08,4,1686.39,Completed,53.66,76.27,22.61
170,Communication Skills,Soft Skills,2026-05-27,2026-06-01,5,1465.04,Completed,49.98,74.03,24.050000000000004
170,Project Management,Management,2026-04-19,2026-04-24,5,205.09,Dropped,54.87,70.18,15.31000000000001
170,Leadership Workshop,Leadership,2025-07-12,2025-07-17,5,1974.57,In Progress,46.02,56.14,10.119999999999997
170,Data Analysis,Technical,2025-10-13,2025-10-15,2,400.23,Dropped,63.86,86.78,22.92
172,Safety Training,Compliance,2025-07-26,2025-07-28,2,1622.69,Completed,33.12,63.23,30.11
172,Diversity & Inclusion,Soft Skills,2026-05-08,2026-05-12,4,854.45,In Progress,54.36,75.2,20.840000000000003
172,Sales Techniques,Functional,2025-09-26,2025-09-27,1,966.99,Dropped,62.99,70.59,7.600000000000001
172,Communication Skills,Soft Skills,2026-07-01,2026-07-05,4,1068.2,Completed,62.28,80.69,18.409999999999997
173,Communication Skills,Soft Skills,2025-08-26,2025-08-28,2,762.37,In Progress,30.72,40.98,10.259999999999998
173,Technical Skills,Technical,2026-05-31,2026-06-05,5,1737.65,Completed,45.93,63.34,17.410000000000004
174,Safety Training,Compliance,2025-08-17,2025-08-18,1,815.03,Dropped,65.81,79.5,13.689999999999998
174,Technical Skills,Technical,2026-05-11,2026-05-16,5,1452.66,Dropped,34.74,55.08,20.339999999999996
174,Data Analysis,Technical,2026-05-25,2026-05-30,5,1054.94,Completed,63.82,78.22,14.399999999999999
174,Diversity & Inclusion,Soft Skills,2025-08-22,2025-08-24,2,427.53,In Progress,31.68,60.37,28.689999999999998
175,Technical Skills,Technical,2026-05-28,2026-06-02,5,977.99,Completed,39.6,50.2,10.600000000000001
175,Diversity & Inclusion,Soft Skills,2026-03-15,2026-03-17,2,1272.74,In Progress,49.88,57.38,7.5
175,Leadership Workshop,Leadership,2026-01-11,2026-01-16,5,728.2,Dropped,41.69,51.04,9.350000000000001
178,Technical Skills,Technical,2026-01-26,2026-01-27,1,550.39,Completed,59.06,79.14,20.08
178,Project Management,Management,2025-12-15,2025-12-19,4,840.72,Completed,45.05,53.91,8.86
178,Leadership Workshop,Leadership,2026-04-11,2026-04-15,4,573.24,Dropped,40.37,53.05,12.68
179,Diversity & Inclusion,Soft Skills,2025-08-12,2025-08-14,2,668.71,Dropped,69.31,85.27,15.959999999999994
179,Data Analysis,Technical,2025-07-22,2025-07-27,5,1133.08,Completed,49.59,80.34,30.75
180,Leadership Workshop,Leadership,2026-01-10,2026-01-14,4,1044.33,Completed,58.78,81.85,23.069999999999993
180,Data Analysis,Technical,2025-11-26,2025-12-01,5,1481.26,Dropped,51.11,75.64,24.53
180,Sales Techniques,Functional,2026-02-03,2026-02-06,3,231.3,In Progress,59.81,68.34,8.530000000000001
181,Leadership Workshop,Leadership,2026-02-13,2026-02-17,4,687.63,In Progress,34.55,58.94,24.39
181,Diversity & Inclusion,Soft Skills,2025-12-08,2025-12-10,2,726.95,Completed,42.99,53.97,10.979999999999997
181,Communication Skills,Soft Skills,2025-12-24,2025-12-26,2,1926.06,In Progress,30.88,45.54,14.66
182,Leadership Workshop,Leadership,2025-10-05,2025-10-06,1,929.63,Completed,63.38,87.67,24.29
182,Sales Techniques,Functional,2026-05-16,2026-05-17,1,1439.72,Completed,41.09,59.22,18.129999999999995
182,Project Management,Management,2025-07-26,2025-07-29,3,908.25,Completed,35.7,55.19,19.489999999999995
183,Sales Techniques,Functional,2026-06-20,2026-06-21,1,420.36,Dropped,46.37,54.71,8.340000000000003
184,Diversity & Inclusion,Soft Skills,2025-08-04,2025-08-06,2,1473.98,Completed,64.92,81.4,16.480000000000004
187,Technical Skills,Technical,2025-10-29,2025-11-01,3,265.32,Completed,40.9,53.89,12.990000000000002
187,Diversity & Inclusion,Soft Skills,2025-07-21,2025-07-23,2,1831.49,Completed,35.6,55.98,20.379999999999995
187,Communication Skills,Soft Skills,2025-09-08,2025-09-11,3,1178.41,Completed,46.63,72.25,25.619999999999997
189,Technical Skills,Technical,2025-08-14,2025-08-15,1,1628.96,Completed,62.44,91.67,29.230000000000004
189,Leadership Workshop,Leadership,2026-02-03,2026-02-07,4,407.4,Completed,49.31,69.98,20.67
190,Project Management,Management,2026-06-20,2026-06-22,2,822.14,Completed,56.27,65.94,9.669999999999995
190,Safety Training,Compliance,2025-11-24,2025-11-27,3,414.43,Completed,44.75,75.5,30.75
191,Data Analysis,Technical,2026-06-10,2026-06-11,1,680.12,Completed,69.68,78.71,9.029999999999987
192,Technical Skills,Technical,2026-01-26,2026-01-28,2,1208.41,Completed,50.04,59.19,9.149999999999999
192,Diversity & Inclusion,Soft Skills,2026-06-12,2026-06-14,2,868.57,Completed,41.7,69.02,27.319999999999993
195,Diversity & Inclusion,Soft Skills,2026-01-24,2026-01-29,5,1359.43,Dropped,40.08,61.17,21.090000000000003
196,Sales Techniques,Functional,2026-04-13,2026-04-15,2,1121.04,Completed,67.95,94.57,26.61999999999999
196,Technical Skills,Technical,2025-12-18,2025-12-21,3,853.77,In Progress,39.62,58.99,19.370000000000005
197,Project Management,Management,2026-02-14,2026-02-16,2,438.11,Completed,39.23,73.99,34.76
198,Diversity & Inclusion,Soft Skills,2025-09-03,2025-09-04,1,1150.59,Dropped,63.96,70.45,6.490000000000002
198,Project Management,Management,2025-08-21,2025-08-23,2,709.61,Completed,36.67,44.4,7.729999999999997
200,Diversity & Inclusion,Soft Skills,2026-03-23,2026-03-25,2,1756.71,Dropped,50.95,57.76,6.809999999999995
200,Safety Training,Compliance,2025-08-10,2025-08-15,5,1767.3,Completed,58.63,81.86,23.229999999999997
201,Safety Training,Compliance,2025-08-14,2025-08-18,4,220.31,Dropped,63.48,84.39,20.910000000000004
201,Project Management,Management,2026-01-25,2026-01-26,1,1324.92,Dropped,47.55,70.53,22.980000000000004
202,Data Analysis,Technical,2026-01-11,2026-01-16,5,1373.74,In Progress,37.08,48.79,11.71
202,Safety Training,Compliance,2026-03-16,2026-03-18,2,1068.87,Completed,62.49,67.77,5.279999999999994
203,Safety Training,Compliance,2026-02-08,2026-02-11,3,1458.22,Completed,37.5,68.73,31.230000000000004
203,Sales Techniques,Functional,2026-02-15,2026-02-19,4,490.87,Dropped,49.13,61.11,11.979999999999997
204,Safety Training,Compliance,2025-09-17,2025-09-18,1,619.06,Dropped,68.45,79.61,11.159999999999997
204,Technical Skills,Technical,2025-11-18,2025-11-22,4,1206.78,Completed,53.31,85.41,32.099999999999994
204,Project Management,Management,2026-05-22,2026-05-27,5,1431.55,Completed,60.13,76.17,16.04
205,Data Analysis,Technical,2026-03-02,2026-03-04,2,1636.74,In Progress,30.62,51.29,20.669999999999998
205,Leadership Workshop,Leadership,2025-12-23,2025-12-25,2,747.27,Completed,39.66,54.8,15.14
205,Technical Skills,Technical,2025-10-28,2025-10-30,2,875.81,Completed,56.99,68.4,11.410000000000004
207,Sales Techniques,Functional,2026-03-08,2026-03-13,5,246.5,Completed,38.98,68.01,29.03000000000001
207,Project Management,Management,2025-10-11,2025-10-12,1,1355.04,Completed,62.29,84.65,22.360000000000007
207,Diversity & Inclusion,Soft Skills,2026-04-28,2026-04-29,1,868.52,Completed,36.83,65.02,28.189999999999998
208,Sales Techniques,Functional,2025-09-06,2025-09-09,3,1261.31,In Progress,45.27,55.79,10.519999999999996
208,Project Management,Management,2026-01-27,2026-01-31,4,403.75,Completed,55.47,71.37,15.900000000000006
208,Data Analysis,Technical,2025-09-21,2025-09-24,3,1950.86,Dropped,41.8,62.49,20.690000000000005
208,Technical Skills,Technical,2025-09-04,2025-09-05,1,972.73,In Progress,60.65,77.94,17.29
210,Sales Techniques,Functional,2026-01-11,2026-01-12,1,1081.22,Dropped,57.42,91.88,34.459999999999994
210,Technical Skills,Technical,2026-02-13,2026-02-16,3,496.7,Dropped,54.31,80.45,26.14
210,Data Analysis,Technical,2025-11-22,2025-11-24,2,314.95,Completed,67.63,73.46,5.829999999999998
211,Technical Skills,Technical,2026-04-27,2026-05-01,4,520.78,Completed,66.82,88.92,22.10000000000001
211,Project Management,Management,2025-09-21,2025-09-26,5,1107.51,Completed,65.91,93.25,27.340000000000003
211,Leadership Workshop,Leadership,2025-11-02,2025-11-04,2,1815.61,In Progress,48.75,73.83,25.08
211,Diversity & Inclusion,Soft Skills,2025-11-26,2025-11-29,3,227.13,Completed,37.44,46.96,9.520000000000003
212,Technical Skills,Technical,2026-05-28,2026-05-30,2,1699.22,Completed,54.12,75.96,21.839999999999996
212,Project Management,Management,2026-06-11,2026-06-15,4,639.97,Completed,55.07,76.04,20.970000000000006
212,Data Analysis,Technical,2025-11-18,2025-11-21,3,1155.74,In Progress,67.74,88.26,20.52000000000001
212,Safety Training,Compliance,2026-04-03,2026-04-05,2,1699.06,Completed,40.92,59.87,18.949999999999996
213,Sales Techniques,Functional,2025-08-28,2025-08-30,2,436.98,Completed,59.36,81.43,22.070000000000007
213,Project Management,Management,2026-03-25,2026-03-28,3,1611.63,Dropped,36.84,45.93,9.089999999999996
214,Communication Skills,Soft Skills,2026-06-24,2026-06-29,5,355.93,Completed,62.2,94.03,31.83
214,Leadership Workshop,Leadership,2025-10-12,2025-10-17,5,816.34,Completed,62.6,69.9,7.300000000000004
214,Data Analysis,Technical,2026-01-13,2026-01-17,4,1036.6,Completed,47.92,57.81,9.89
216,Technical Skills,Technical,2026-02-27,2026-03-01,2,259.67,Completed,60.04,93.17,33.13
216,Communication Skills,Soft Skills,2025-10-03,2025-10-07,4,1470.33,Dropped,61.77,86.97,25.199999999999996
216,Data Analysis,Technical,2025-07-19,2025-07-20,1,618.74,Completed,57.44,84.58,27.14
217,Sales Techniques,Functional,2026-04-13,2026-04-14,1,589.61,In Progress,58.84,70.51,11.670000000000002
218,Safety Training,Compliance,2025-10-11,2025-10-12,1,1799.83,Completed,56.08,72.72,16.64
218,Sales Techniques,Functional,2025-07-06,2025-07-08,2,1641.81,Completed,57.66,83.23,25.570000000000007
219,Diversity & Inclusion,Soft Skills,2026-06-01,2026-06-03,2,1094.1,Dropped,40.23,45.25,5.020000000000003
219,Communication Skills,Soft Skills,2025-08-10,2025-08-13,3,1709.69,Completed,65.99,88.64,22.650000000000006
219,Safety Training,Compliance,2026-06-25,2026-06-27,2,1702.51,In Progress,60.63,74.07,13.43999999999999
219,Data Analysis,Technical,2026-01-06,2026-01-10,4,1765.96,Completed,47.81,81.52,33.709999999999994
220,Communication Skills,Soft Skills,2026-06-29,2026-07-04,5,1473.95,Completed,51.85,68.71,16.859999999999992
220,Diversity & Inclusion,Soft Skills,2026-03-31,2026-04-05,5,1899.62,Completed,33.16,55.83,22.67
221,Communication Skills,Soft Skills,2026-05-09,2026-05-13,4,729.97,Completed,57.65,86.38,28.729999999999997
221,Sales Techniques,Functional,2025-09-23,2025-09-25,2,1148.22,Completed,39.59,53.12,13.529999999999994
223,Safety Training,Compliance,2025-09-13,2025-09-15,2,1270.06,Dropped,52.4,79.11,26.71
223,Leadership Workshop,Leadership,2026-06-03,2026-06-05,2,1008.1,In Progress,58.75,70.52,11.769999999999996
223,Data Analysis,Technical,2026-05-26,2026-05-29,3,1613.08,In Progress,30.95,60.98,30.029999999999998
223,Project Management,Management,2026-04-05,2026-04-06,1,729.31,In Progress,48.33,62.88,14.550000000000004
224,Safety Training,Compliance,2026-05-02,2026-05-05,3,1181.17,Completed,38.29,56.94,18.65
225,Sales Techniques,Functional,2026-06-11,2026-06-14,3,233.72,In Progress,67.1,84.55,17.450000000000003
225,Diversity & Inclusion,Soft Skills,2026-02-02,2026-02-06,4,1819.54,Completed,53.86,61.78,7.920000000000002
225,Project Management,Management,2025-09-25,2025-09-30,5,1760.96,Completed,45.1,69.76,24.660000000000004
225,Safety Training,Compliance,2026-06-10,2026-06-14,4,1498.29,Completed,41.92,69.41,27.489999999999995
226,Data Analysis,Technical,2025-08-19,2025-08-24,5,898.38,Completed,44.75,52.39,7.640000000000001
230,Diversity & Inclusion,Soft Skills,2026-02-04,2026-02-05,1,1854.59,Dropped,42.02,58.04,16.019999999999996
230,Safety Training,Compliance,2025-11-10,2025-11-15,5,600.62,Completed,61.84,88.55,26.709999999999994
231,Safety Training,Compliance,2026-04-28,2026-05-03,5,439.63,Completed,63.61,80.06,16.450000000000003
232,Sales Techniques,Functional,2025-12-16,2025-12-21,5,1813.38,Completed,41.79,72.03,30.240000000000002
233,Communication Skills,Soft Skills,2025-10-26,2025-10-29,3,1376.32,Completed,65.38,86.78,21.400000000000006
233,Sales Techniques,Functional,2026-07-04,2026-07-07,3,1636.56,Completed,67.33,100.0,32.67
234,Communication Skills,Soft Skills,2025-12-07,2025-12-12,5,1346.06,Completed,34.18,67.31,33.13
234,Safety Training,Compliance,2025-12-22,2025-12-23,1,1499.92,Completed,56.61,62.53,5.920000000000002
234,Sales Techniques,Functional,2026-06-17,2026-06-19,2,547.86,Completed,47.92,69.02,21.099999999999994
234,Technical Skills,Technical,2026-03-29,2026-04-03,5,1308.34,Dropped,58.2,85.91,27.709999999999994
235,Communication Skills,Soft Skills,2025-09-29,2025-10-01,2,1921.48,Completed,36.95,52.57,15.619999999999997
235,Sales Techniques,Functional,2026-06-12,2026-06-17,5,1110.63,Completed,35.56,57.09,21.53
235,Data Analysis,Technical,2025-09-03,2025-09-07,4,1537.22,In Progress,45.59,69.97,24.379999999999995
236,Diversity & Inclusion,Soft Skills,2026-05-10,2026-05-12,2,648.94,Dropped,50.55,71.28,20.730000000000004
236,Technical Skills,Technical,2025-10-12,2025-10-17,5,1435.84,Completed,38.02,50.93,12.909999999999997
236,Project Management,Management,2025-09-12,2025-09-13,1,384.08,Completed,68.03,91.94,23.909999999999997
237,Diversity & Inclusion,Soft Skills,2025-11-22,2025-11-26,4,701.2,In Progress,66.72,83.9,17.180000000000007
237,Data Analysis,Technical,2025-09-30,2025-10-02,2,1124.06,Dropped,62.39,83.13,20.739999999999995
237,Project Management,Management,2026-07-04,2026-07-09,5,1683.46,Completed,45.98,71.95,25.970000000000006
237,Technical Skills,Technical,2026-01-16,2026-01-21,5,1167.72,Completed,55.37,68.49,13.119999999999997
239,Leadership Workshop,Leadership,2025-08-28,2025-08-29,1,817.23,Completed,66.43,73.02,6.589999999999989
239,Safety Training,Compliance,2025-08-14,2025-08-15,1,1090.73,Completed,65.58,85.59,20.010000000000005
239,Diversity & Inclusion,Soft Skills,2025-09-08,2025-09-13,5,1460.59,In Progress,67.75,98.38,30.629999999999995
240,Sales Techniques,Functional,2025-09-20,2025-09-25,5,693.58,In Progress,55.66,65.57,9.909999999999997
240,Technical Skills,Technical,2026-06-25,2026-06-27,2,302.8,Completed,46.77,60.63,13.86
242,Data Analysis,Technical,2025-07-20,2025-07-21,1,501.85,In Progress,40.75,48.77,8.020000000000003
242,Leadership Workshop,Leadership,2025-11-20,2025-11-23,3,1894.58,Completed,31.86,47.13,15.270000000000003
242,Project Management,Management,2026-01-12,2026-01-16,4,728.97,Completed,57.32,66.43,9.110000000000007
243,Project Management,Management,2026-06-10,2026-06-15,5,1981.8,Completed,69.22,100.0,30.78
243,Data Analysis,Technical,2026-04-21,2026-04-23,2,835.09,Completed,49.61,70.02,20.409999999999997
245,Diversity & Inclusion,Soft Skills,2026-05-23,2026-05-24,1,1537.22,Completed,69.26,87.08,17.819999999999993
247,Sales Techniques,Functional,2025-10-13,2025-10-15,2,1029.09,Completed,33.88,55.79,21.909999999999997
247,Safety Training,Compliance,2025-09-02,2025-09-05,3,409.2,Dropped,34.9,41.8,6.899999999999999
248,Safety Training,Compliance,2026-04-14,2026-04-17,3,1560.96,Dropped,55.01,77.41,22.4
248,Project Management,Management,2025-12-20,2025-12-25,5,1414.89,In Progress,60.55,94.78,34.230000000000004
248,Sales Techniques,Functional,2025-08-18,2025-08-23,5,565.48,Completed,61.16,80.03,18.870000000000005
249,Safety Training,Compliance,2026-06-07,2026-06-08,1,322.48,In Progress,55.49,68.95,13.46
249,Data Analysis,Technical,2025-11-06,2025-11-10,4,1769.13,In Progress,69.27,89.83,20.560000000000002
250,Diversity & Inclusion,Soft Skills,2026-06-16,2026-06-20,4,711.24,In Progress,47.83,55.35,7.520000000000003
250,Communication Skills,Soft Skills,2025-10-31,2025-11-04,4,789.87,Completed,69.41,94.06,24.650000000000006
250,Safety Training,Compliance,2025-08-20,2025-08-21,1,254.82,In Progress,40.41,48.16,7.75
250,Project Management,Management,2026-04-06,2026-04-11,5,1865.37,Completed,50.64,56.79,6.149999999999999
252,Communication Skills,Soft Skills,2025-10-13,2025-10-15,2,1971.43,Dropped,58.92,77.12,18.200000000000003
252,Technical Skills,Technical,2025-09-11,2025-09-12,1,395.28,In Progress,34.97,50.45,15.480000000000004
253,Technical Skills,Technical,2026-02-03,2026-02-04,1,1784.46,Dropped,59.58,67.21,7.6299999999999955
253,Sales Techniques,Functional,2025-11-20,2025-11-25,5,910.17,Completed,49.6,68.55,18.949999999999996
253,Data Analysis,Technical,2025-07-23,2025-07-26,3,1408.89,Completed,69.71,99.87,30.16000000000001
253,Diversity & Inclusion,Soft Skills,2025-10-19,2025-10-24,5,1388.1,Completed,65.17,93.32,28.14999999999999
254,Data Analysis,Technical,2025-07-31,2025-08-02,2,563.9,Completed,44.17,51.78,7.609999999999999
254,Safety Training,Compliance,2025-08-17,2025-08-21,4,473.58,Dropped,36.58,48.02,11.440000000000005
254,Communication Skills,Soft Skills,2025-09-01,2025-09-02,1,1380.57,Completed,39.51,44.6,5.090000000000003
256,Diversity & Inclusion,Soft Skills,2026-06-02,2026-06-03,1,961.29,Completed,52.39,59.29,6.899999999999999
256,Communication Skills,Soft Skills,2025-08-27,2025-08-31,4,905.56,In Progress,52.73,82.87,30.140000000000008
256,Data Analysis,Technical,2026-05-07,2026-05-08,1,1517.49,In Progress,54.42,61.94,7.519999999999996
257,Diversity & Inclusion,Soft Skills,2025-10-24,2025-10-26,2,1268.07,Completed,40.51,59.25,18.740000000000002
258,Leadership Workshop,Leadership,2026-03-31,2026-04-03,3,468.26,In Progress,30.75,36.56,5.810000000000002
258,Data Analysis,Technical,2025-08-26,2025-08-28,2,1249.98,Completed,54.07,68.72,14.649999999999999
258,Diversity & Inclusion,Soft Skills,2025-12-28,2025-12-31,3,1317.85,In Progress,42.13,71.54,29.410000000000004
258,Sales Techniques,Functional,2026-02-28,2026-03-04,4,1927.32,In Progress,34.69,65.54,30.85000000000001
259,Technical Skills,Technical,2025-11-25,2025-11-29,4,1470.94,Completed,50.19,61.93,11.740000000000002
259,Sales Techniques,Functional,2026-01-28,2026-01-31,3,1505.36,Completed,37.36,53.58,16.22
259,Communication Skills,Soft Skills,2025-09-01,2025-09-03,2,1683.05,Dropped,34.24,40.32,6.079999999999998
260,Communication Skills,Soft Skills,2025-12-14,2025-12-16,2,632.21,Dropped,60.77,90.62,29.85
261,Communication Skills,Soft Skills,2026-05-14,2026-05-18,4,1369.65,Completed,63.92,82.48,18.560000000000002
263,Communication Skills,Soft Skills,2026-02-23,2026-02-27,4,1616.63,Completed,51.3,72.8,21.5
263,Leadership Workshop,Leadership,2026-06-14,2026-06-17,3,1921.68,Completed,66.15,88.46,22.309999999999988
265,Leadership Workshop,Leadership,2025-08-09,2025-08-13,4,905.69,Dropped,38.09,66.34,28.25
265,Technical Skills,Technical,2025-11-14,2025-11-19,5,656.56,Completed,41.33,49.05,7.719999999999999
265,Diversity & Inclusion,Soft Skills,2025-10-22,2025-10-23,1,417.97,Dropped,64.23,83.17,18.939999999999998
265,Sales Techniques,Functional,2025-07-16,2025-07-19,3,343.87,Dropped,50.35,69.71,19.359999999999992
266,Safety Training,Compliance,2026-04-02,2026-04-05,3,1611.66,Dropped,46.84,80.37,33.53
266,Leadership Workshop,Leadership,2025-10-03,2025-10-06,3,1180.61,Dropped,57.93,75.49,17.559999999999995
268,Technical Skills,Technical,2025-12-25,2025-12-27,2,1466.41,Dropped,59.6,70.37,10.770000000000003
268,Leadership Workshop,Leadership,2025-10-14,2025-10-15,1,1989.89,In Progress,31.16,56.71,25.55
271,Data Analysis,Technical,2025-08-30,2025-09-03,4,579.59,Dropped,46.1,76.41,30.309999999999995
273,Diversity & Inclusion,Soft Skills,2025-12-01,2025-12-02,1,1671.18,Completed,43.42,51.36,7.939999999999998
273,Project Management,Management,2026-03-23,2026-03-26,3,744.51,In Progress,54.66,81.59,26.930000000000007
274,Project Management,Management,2026-05-15,2026-05-16,1,274.07,Completed,69.11,85.04,15.930000000000007
274,Safety Training,Compliance,2025-07-25,2025-07-26,1,1260.98,Dropped,43.08,51.78,8.700000000000003
274,Diversity & Inclusion,Soft Skills,2026-04-20,2026-04-25,5,1226.95,Completed,38.94,71.14,32.2
274,Data Analysis,Technical,2025-09-17,2025-09-19,2,739.28,Dropped,50.96,80.99,30.029999999999994
275,Diversity & Inclusion,Soft Skills,2025-10-24,2025-10-28,4,821.89,Dropped,68.53,79.4,10.870000000000005
275,Data Analysis,Technical,2025-11-19,2025-11-21,2,1748.01,Dropped,66.24,89.37,23.13000000000001
276,Sales Techniques,Functional,2026-05-29,2026-06-01,3,1328.88,Completed,46.42,75.94,29.519999999999996
276,Project Management,Management,2025-11-23,2025-11-24,1,1294.36,In Progress,48.61,65.51,16.900000000000006
277,Sales Techniques,Functional,2025-12-11,2025-12-12,1,1370.12,Dropped,54.6,78.43,23.830000000000005
277,Communication Skills,Soft Skills,2026-06-02,2026-06-04,2,439.63,Completed,48.54,78.28,29.740000000000002
277,Safety Training,Compliance,2025-09-16,2025-09-21,5,337.33,In Progress,42.5,70.03,27.53
277,Project Management,Management,2025-12-13,2025-12-15,2,651.98,Dropped,31.42,39.71,8.29
278,Communication Skills,Soft Skills,2026-06-30,2026-07-05,5,256.87,In Progress,50.04,85.0,34.96
280,Technical Skills,Technical,2025-07-25,2025-07-28,3,1102.19,Dropped,46.27,72.02,25.749999999999993
280,Project Management,Management,2025-12-15,2025-12-18,3,581.75,Completed,45.81,62.58,16.769999999999996
280,Communication Skills,Soft Skills,2025-08-04,2025-08-08,4,289.54,Completed,66.89,83.36,16.47
281,Safety Training,Compliance,2026-02-03,2026-02-05,2,839.72,Completed,67.19,79.08,11.89
281,Sales Techniques,Functional,2026-03-24,2026-03-29,5,856.78,Completed,44.78,63.26,18.479999999999997
281,Leadership Workshop,Leadership,2025-09-25,2025-09-27,2,971.34,Completed,38.26,55.36,17.1
282,Technical Skills,Technical,2025-08-18,2025-08-22,4,1348.75,In Progress,53.47,77.16,23.689999999999998
284,Data Analysis,Technical,2025-08-06,2025-08-10,4,1566.06,Completed,66.8,82.96,16.159999999999997
284,Communication Skills,Soft Skills,2025-10-10,2025-10-15,5,938.39,Dropped,62.21,89.78,27.57
285,Project Management,Management,2025-07-06,2025-07-07,1,1150.56,Completed,37.31,50.29,12.979999999999997
285,Safety Training,Compliance,2025-09-17,2025-09-20,3,634.11,Completed,63.35,69.79,6.440000000000005
285,Technical Skills,Technical,2026-06-15,2026-06-17,2,1425.02,In Progress,54.21,63.44,9.229999999999997
286,Technical Skills,Technical,2026-05-21,2026-05-26,5,1984.6,Dropped,43.38,69.37,25.990000000000002
286,Leadership Workshop,Leadership,2025-07-15,2025-07-19,4,312.5,Completed,38.78,46.41,7.6299999999999955
286,Data Analysis,Technical,2026-05-16,2026-05-19,3,1587.32,In Progress,51.82,80.81,28.990000000000002
286,Sales Techniques,Functional,2026-03-06,2026-03-08,2,864.49,Completed,61.44,95.61,34.17
287,Safety Training,Compliance,2026-04-21,2026-04-24,3,1593.43,In Progress,36.86,68.86,32.0
287,Project Management,Management,2025-12-24,2025-12-25,1,1394.39,Dropped,40.51,60.09,19.580000000000005
288,Data Analysis,Technical,2026-07-05,2026-07-07,2,842.87,Completed,51.87,75.69,23.82
289,Sales Techniques,Functional,2025-08-31,2025-09-04,4,756.95,Dropped,53.38,58.89,5.509999999999998
290,Leadership Workshop,Leadership,2025-12-17,2025-12-20,3,870.42,Dropped,44.88,52.14,7.259999999999998
290,Data Analysis,Technical,2025-07-14,2025-07-15,1,1243.14,Completed,44.89,50.51,5.619999999999997
291,Technical Skills,Technical,2026-07-01,2026-07-05,4,1616.45,Completed,39.96,70.13,30.169999999999995
292,Project Management,Management,2026-02-18,2026-02-22,4,260.33,Completed,58.95,80.22,21.269999999999996
292,Data Analysis,Technical,2025-11-27,2025-11-30,3,1153.35,Dropped,35.15,48.05,12.899999999999999
292,Communication Skills,Soft Skills,2025-07-08,2025-07-09,1,1023.54,Dropped,34.15,45.81,11.660000000000004
293,Diversity & Inclusion,Soft Skills,2026-03-04,2026-03-06,2,1660.88,Dropped,64.06,77.57,13.509999999999991
293,Project Management,Management,2025-10-19,2025-10-22,3,507.21,Dropped,31.06,52.72,21.66
293,Sales Techniques,Functional,2025-08-20,2025-08-24,4,1680.25,Dropped,41.13,63.56,22.43
293,Technical Skills,Technical,2026-03-28,2026-03-31,3,1587.59,Completed,33.24,63.88,30.64
294,Sales Techniques,Functional,2025-09-05,2025-09-09,4,1724.8,Completed,47.02,64.07,17.04999999999999
295,Communication Skills,Soft Skills,2025-08-28,2025-09-01,4,605.37,In Progress,36.13,64.02,27.889999999999993
295,Technical Skills,Technical,2025-10-15,2025-10-16,1,832.11,Dropped,46.41,59.05,12.64
295,Safety Training,Compliance,2025-08-19,2025-08-23,4,1987.93,Dropped,31.91,40.43,8.52
296,Diversity & Inclusion,Soft Skills,2026-04-30,2026-05-02,2,479.48,In Progress,50.4,62.61,12.21
296,Safety Training,Compliance,2026-01-01,2026-01-02,1,356.93,In Progress,45.74,67.98,22.240000000000002
296,Project Management,Management,2025-08-12,2025-08-13,1,1583.19,Completed,48.69,73.95,25.260000000000005
297,Diversity & Inclusion,Soft Skills,2026-05-06,2026-05-08,2,1099.61,Completed,61.91,83.14,21.230000000000004
297,Safety Training,Compliance,2026-05-16,2026-05-20,4,473.71,Completed,40.44,71.19,30.75
297,Data Analysis,Technical,2026-03-18,2026-03-21,3,1506.37,Completed,35.49,60.67,25.18
298,Leadership Workshop,Leadership,2026-03-14,2026-03-19,5,1633.27,Completed,50.95,66.62,15.670000000000002
299,Technical Skills,Technical,2025-11-29,2025-11-30,1,1791.39,Completed,50.89,84.15,33.260000000000005
299,Project Management,Management,2025-07-24,2025-07-29,5,1463.53,Completed,52.1,72.2,20.1
300,Sales Techniques,Functional,2026-06-25,2026-06-29,4,1838.1,Dropped,59.59,80.59,21.0
300,Safety Training,Compliance,2026-05-09,2026-05-14,5,533.9,Completed,45.92,66.08,20.159999999999997
301,Safety Training,Compliance,2026-03-05,2026-03-09,4,1161.78,Completed,34.19,61.2,27.010000000000005
301,Sales Techniques,Functional,2026-03-15,2026-03-18,3,1378.44,In Progress,53.61,70.29,16.680000000000007
301,Technical Skills,Technical,2026-02-23,2026-02-24,1,1449.08,Completed,37.13,43.88,6.75
302,Communication Skills,Soft Skills,2025-09-27,2025-10-01,4,1339.72,Dropped,47.19,66.12,18.930000000000007
303,Diversity & Inclusion,Soft Skills,2025-10-15,2025-10-20,5,1655.18,Completed,58.88,69.15,10.270000000000003
304,Data Analysis,Technical,2026-02-07,2026-02-09,2,1925.21,Completed,30.94,52.23,21.289999999999996
304,Sales Techniques,Functional,2025-11-24,2025-11-29,5,879.61,Completed,34.87,69.34,34.470000000000006
304,Technical Skills,Technical,2026-03-04,2026-03-07,3,369.53,Completed,52.11,69.7,17.590000000000003
305,Safety Training,Compliance,2025-12-14,2025-12-18,4,1940.44,In Progress,50.84,80.99,30.14999999999999
306,Sales Techniques,Functional,2026-04-21,2026-04-23,2,1648.55,Completed,64.56,76.15,11.590000000000003
306,Communication Skills,Soft Skills,2025-12-08,2025-12-10,2,1217.09,Completed,39.78,55.69,15.909999999999997
306,Technical Skills,Technical,2025-07-18,2025-07-22,4,1227.48,Dropped,36.27,50.23,13.959999999999994
307,Data Analysis,Technical,2026-05-12,2026-05-17,5,1031.83,Completed,50.51,57.27,6.760000000000005
307,Safety Training,Compliance,2026-04-03,2026-04-07,4,203.54,Completed,45.37,66.62,21.250000000000007
307,Project Management,Management,2025-12-07,2025-12-11,4,1589.03,Dropped,57.41,68.84,11.430000000000007
307,Technical Skills,Technical,2026-07-03,2026-07-04,1,1891.52,Completed,52.45,74.83,22.379999999999995
308,Technical Skills,Technical,2026-04-10,2026-04-13,3,561.11,Dropped,65.96,74.5,8.540000000000006
308,Diversity & Inclusion,Soft Skills,2025-08-08,2025-08-11,3,1144.41,In Progress,59.97,93.59,33.620000000000005
308,Data Analysis,Technical,2025-12-13,2025-12-14,1,379.5,Completed,58.2,80.61,22.409999999999997
308,Communication Skills,Soft Skills,2025-11-23,2025-11-25,2,1279.39,In Progress,43.92,50.73,6.809999999999995
311,Diversity & Inclusion,Soft Skills,2025-09-15,2025-09-18,3,1594.3,Dropped,49.38,83.45,34.07
311,Technical Skills,Technical,2026-05-19,2026-05-20,1,683.12,In Progress,51.78,57.56,5.780000000000001
312,Sales Techniques,Functional,2025-12-01,2025-12-02,1,1786.93,Completed,51.19,66.79,15.600000000000009
312,Project Management,Management,2025-07-14,2025-07-18,4,375.43,Dropped,40.37,45.81,5.440000000000005
312,Diversity & Inclusion,Soft Skills,2025-10-03,2025-10-08,5,1317.15,Completed,50.72,70.56,19.840000000000003
312,Leadership Workshop,Leadership,2025-07-13,2025-07-15,2,864.7,Dropped,60.94,95.72,34.78
314,Sales Techniques,Functional,2026-03-14,2026-03-19,5,1271.0,Completed,33.31,56.65,23.339999999999996
314,Project Management,Management,2026-03-17,2026-03-22,5,949.41,In Progress,44.72,49.74,5.020000000000003
315,Communication Skills,Soft Skills,2025-12-03,2025-12-07,4,1321.57,In Progress,46.23,62.26,16.03
317,Communication Skills,Soft Skills,2025-11-04,2025-11-09,5,1298.92,Completed,39.84,53.45,13.61
317,Diversity & Inclusion,Soft Skills,2026-05-29,2026-05-31,2,902.45,Dropped,54.72,80.25,25.53
317,Leadership Workshop,Leadership,2025-09-16,2025-09-19,3,1940.08,Completed,31.62,54.08,22.459999999999997
318,Diversity & Inclusion,Soft Skills,2026-05-19,2026-05-23,4,877.68,In Progress,56.92,72.38,15.459999999999994
319,Diversity & Inclusion,Soft Skills,2025-12-26,2025-12-28,2,1667.65,Dropped,68.6,100.0,31.400000000000006
319,Leadership Workshop,Leadership,2026-04-10,2026-04-14,4,442.95,Dropped,45.81,71.37,25.560000000000002
320,Technical Skills,Technical,2025-10-01,2025-10-06,5,937.85,Completed,44.68,55.36,10.68
320,Sales Techniques,Functional,2026-01-09,2026-01-14,5,706.25,Completed,40.42,70.26,29.840000000000003
321,Communication Skills,Soft Skills,2025-08-05,2025-08-07,2,1159.61,In Progress,33.98,53.73,19.75
322,Leadership Workshop,Leadership,2026-05-22,2026-05-24,2,217.32,Dropped,34.06,54.36,20.299999999999997
323,Sales Techniques,Functional,2026-05-27,2026-06-01,5,1514.79,Completed,41.54,73.82,32.279999999999994
323,Safety Training,Compliance,2025-07-21,2025-07-23,2,371.16,Dropped,66.95,85.05,18.099999999999994
323,Diversity & Inclusion,Soft Skills,2025-12-27,2026-01-01,5,937.85,Dropped,46.02,60.96,14.939999999999998
324,Data Analysis,Technical,2026-05-26,2026-05-28,2,1784.33,In Progress,45.41,53.44,8.030000000000001
324,Leadership Workshop,Leadership,2026-03-05,2026-03-06,1,306.21,Dropped,32.73,46.62,13.89
324,Communication Skills,Soft Skills,2026-01-14,2026-01-17,3,783.81,In Progress,49.5,68.48,18.980000000000004
324,Sales Techniques,Functional,2025-12-09,2025-12-11,2,415.29,Completed,59.67,89.2,29.53
326,Project Management,Management,2026-06-22,2026-06-24,2,534.36,Completed,58.06,88.42,30.36
327,Communication Skills,Soft Skills,2025-11-17,2025-11-21,4,889.84,Completed,53.18,74.26,21.080000000000005
327,Technical Skills,Technical,2025-12-28,2025-12-30,2,1406.35,Dropped,66.81,97.32,30.50999999999999
328,Diversity & Inclusion,Soft Skills,2025-07-25,2025-07-30,5,773.78,Completed,30.56,43.92,13.360000000000003
329,Communication Skills,Soft Skills,2025-11-07,2025-11-12,5,541.69,Completed,64.88,75.95,11.070000000000007
329,Sales Techniques,Functional,2026-07-05,2026-07-10,5,585.49,Completed,47.93,63.41,15.479999999999997
329,Data Analysis,Technical,2026-03-04,2026-03-06,2,1859.48,Dropped,60.74,88.05,27.309999999999995
329,Technical Skills,Technical,2025-12-13,2025-12-15,2,1489.54,In Progress,52.78,63.18,10.399999999999999
330,Data Analysis,Technical,2025-07-17,2025-07-22,5,1382.52,Dropped,64.51,89.68,25.17
330,Diversity & Inclusion,Soft Skills,2025-08-07,2025-08-12,5,1870.06,Dropped,58.74,74.43,15.690000000000005
330,Project Management,Management,2026-06-01,2026-06-06,5,406.34,Completed,56.87,77.97,21.1
331,Diversity & Inclusion,Soft Skills,2025-09-07,2025-09-11,4,804.84,Dropped,69.75,88.16,18.409999999999997
331,Communication Skills,Soft Skills,2025-07-23,2025-07-27,4,597.32,In Progress,30.8,49.28,18.48
332,Data Analysis,Technical,2025-09-27,2025-10-02,5,843.79,Completed,48.78,80.48,31.700000000000003
334,Project Management,Management,2025-07-15,2025-07-17,2,1793.98,Completed,51.44,71.49,20.049999999999997
334,Sales Techniques,Functional,2026-03-05,2026-03-06,1,1999.88,In Progress,44.16,75.49,31.33
334,Leadership Workshop,Leadership,2026-02-18,2026-02-22,4,1186.43,Completed,67.3,77.1,9.799999999999997
336,Diversity & Inclusion,Soft Skills,2026-03-25,2026-03-27,2,1938.16,Completed,47.72,54.73,7.009999999999998
336,Technical Skills,Technical,2025-11-29,2025-12-02,3,1756.27,In Progress,59.93,67.63,7.699999999999996
336,Communication Skills,Soft Skills,2026-02-11,2026-02-16,5,316.14,Completed,42.58,71.48,28.900000000000006
336,Leadership Workshop,Leadership,2025-09-26,2025-09-27,1,928.16,Completed,51.02,75.02,23.999999999999993
338,Communication Skills,Soft Skills,2025-11-27,2025-12-02,5,1969.36,Completed,35.47,55.66,20.189999999999998
339,Sales Techniques,Functional,2025-10-30,2025-11-04,5,653.37,Completed,50.13,67.91,17.779999999999994
340,Communication Skills,Soft Skills,2026-05-14,2026-05-15,1,1548.44,Completed,38.41,49.56,11.150000000000006
341,Communication Skills,Soft Skills,2025-09-29,2025-10-03,4,647.8,Dropped,36.22,51.34,15.120000000000005
341,Technical Skills,Technical,2026-03-08,2026-03-13,5,524.2,Dropped,42.11,61.84,19.730000000000004
341,Project Management,Management,2025-09-26,2025-09-28,2,1810.42,Completed,34.06,68.76,34.7
343,Project Management,Management,2025-08-14,2025-08-15,1,1132.97,Completed,68.09,73.97,5.8799999999999955
344,Sales Techniques,Functional,2026-06-02,2026-06-06,4,516.98,Completed,69.61,92.62,23.010000000000005
344,Leadership Workshop,Leadership,2025-12-01,2025-12-05,4,1817.53,In Progress,46.11,80.89,34.78
344,Project Management,Management,2025-09-22,2025-09-26,4,1070.16,In Progress,61.53,76.55,15.019999999999996
344,Communication Skills,Soft Skills,2025-10-05,2025-10-08,3,870.48,Completed,68.44,83.0,14.560000000000002
345,Sales Techniques,Functional,2025-10-31,2025-11-01,1,229.27,Dropped,40.98,67.63,26.65
345,Leadership Workshop,Leadership,2026-07-05,2026-07-10,5,1424.03,In Progress,41.13,75.91,34.779999999999994
345,Safety Training,Compliance,2025-11-30,2025-12-01,1,1888.91,Completed,50.05,76.78,26.730000000000004
345,Diversity & Inclusion,Soft Skills,2026-05-22,2026-05-24,2,981.03,Completed,61.73,75.35,13.619999999999997
346,Project Management,Management,2026-06-26,2026-06-29,3,390.8,Dropped,60.3,77.32,17.019999999999996
346,Diversity & Inclusion,Soft Skills,2026-05-19,2026-05-22,3,867.76,Completed,67.44,90.56,23.120000000000005
346,Leadership Workshop,Leadership,2025-08-08,2025-08-10,2,623.45,Completed,52.57,78.73,26.160000000000004
346,Safety Training,Compliance,2025-09-28,2025-09-30,2,380.36,Completed,66.03,76.87,10.840000000000003
348,Leadership Workshop,Leadership,2026-03-02,2026-03-07,5,923.71,Dropped,59.5,78.7,19.200000000000003
348,Technical Skills,Technical,2025-10-25,2025-10-28,3,414.72,Completed,65.89,83.93,18.040000000000006
348,Diversity & Inclusion,Soft Skills,2026-03-11,2026-03-14,3,1234.32,Completed,38.78,70.58,31.799999999999997
349,Communication Skills,Soft Skills,2026-05-04,2026-05-07,3,1837.65,Completed,38.69,62.89,24.200000000000003
349,Sales Techniques,Functional,2026-03-30,2026-04-02,3,876.86,Completed,47.36,52.68,5.32
350,Project Management,Management,2025-08-10,2025-08-11,1,1236.48,Completed,63.99,78.6,14.609999999999992
350,Diversity & Inclusion,Soft Skills,2025-11-23,2025-11-24,1,1753.52,Completed,65.62,88.53,22.909999999999997
351,Project Management,Management,2026-03-08,2026-03-12,4,1200.96,Completed,36.33,55.51,19.18
351,Data Analysis,Technical,2026-03-30,2026-04-02,3,1468.53,Completed,62.26,74.71,12.449999999999996
351,Technical Skills,Technical,2026-04-03,2026-04-05,2,1453.48,Completed,39.36,44.47,5.109999999999999
351,Sales Techniques,Functional,2025-11-14,2025-11-18,4,717.7,In Progress,53.1,74.27,21.169999999999995
352,Diversity & Inclusion,Soft Skills,2025-07-30,2025-08-01,2,1969.53,In Progress,55.45,67.07,11.61999999999999
352,Communication Skills,Soft Skills,2025-09-24,2025-09-26,2,582.3,In Progress,51.85,82.34,30.490000000000002
353,Leadership Workshop,Leadership,2026-05-17,2026-05-22,5,473.44,In Progress,60.99,73.84,12.850000000000001
353,Project Management,Management,2025-11-20,2025-11-22,2,916.96,In Progress,55.13,78.5,23.369999999999997
354,Safety Training,Compliance,2025-08-25,2025-08-29,4,286.09,In Progress,30.46,41.77,11.310000000000002
355,Safety Training,Compliance,2026-01-31,2026-02-05,5,1687.17,Completed,67.61,96.56,28.950000000000003
355,Leadership Workshop,Leadership,2025-08-14,2025-08-17,3,1920.76,Completed,56.35,67.88,11.529999999999994
355,Diversity & Inclusion,Soft Skills,2025-07-16,2025-07-17,1,794.8,Completed,53.77,62.96,9.189999999999998
355,Technical Skills,Technical,2026-02-10,2026-02-15,5,848.27,In Progress,59.62,74.05,14.43
356,Sales Techniques,Functional,2025-07-12,2025-07-16,4,1048.56,Dropped,63.72,75.93,12.210000000000008
356,Technical Skills,Technical,2026-02-20,2026-02-24,4,1172.82,Completed,46.85,76.34,29.490000000000002
356,Leadership Workshop,Leadership,2026-03-29,2026-04-03,5,1115.52,In Progress,57.73,81.25,23.520000000000003
357,Diversity & Inclusion,Soft Skills,2026-05-23,2026-05-25,2,441.05,Completed,41.32,58.78,17.46
357,Communication Skills,Soft Skills,2026-01-15,2026-01-16,1,1821.84,Completed,53.93,74.49,20.559999999999995
358,Technical Skills,Technical,2026-07-02,2026-07-06,4,785.23,Completed,65.23,78.79,13.560000000000002
359,Safety Training,Compliance,2025-08-01,2025-08-04,3,1514.31,Completed,53.26,79.33,26.07
359,Leadership Workshop,Leadership,2026-02-22,2026-02-26,4,1756.86,In Progress,55.34,67.29,11.950000000000003
360,Data Analysis,Technical,2025-08-26,2025-08-29,3,1620.23,In Progress,48.46,74.34,25.880000000000003
361,Diversity & Inclusion,Soft Skills,2026-03-23,2026-03-28,5,412.85,Completed,34.09,50.22,16.129999999999995
361,Sales Techniques,Functional,2026-06-09,2026-06-12,3,1369.58,Completed,46.07,57.83,11.759999999999998
361,Project Management,Management,2026-03-12,2026-03-14,2,1974.73,In Progress,62.71,96.95,34.24
361,Leadership Workshop,Leadership,2025-10-11,2025-10-15,4,436.78,Dropped,31.72,59.82,28.1
362,Communication Skills,Soft Skills,2026-05-19,2026-05-23,4,1251.8,Dropped,53.6,79.16,25.559999999999995
362,Safety Training,Compliance,2025-12-05,2025-12-10,5,668.29,Dropped,35.04,40.64,5.600000000000001
362,Technical Skills,Technical,2025-11-24,2025-11-26,2,1582.66,Completed,53.24,84.12,30.880000000000003
362,Sales Techniques,Functional,2026-02-20,2026-02-21,1,870.36,Completed,35.65,56.15,20.5
363,Diversity & Inclusion,Soft Skills,2025-07-18,2025-07-19,1,1925.6,Dropped,33.41,51.9,18.490000000000002
363,Leadership Workshop,Leadership,2025-11-10,2025-11-15,5,911.75,Completed,34.72,58.81,24.090000000000003
363,Project Management,Management,2025-08-13,2025-08-18,5,1078.76,Completed,53.18,64.19,11.009999999999998
363,Technical Skills,Technical,2026-02-06,2026-02-08,2,911.95,Completed,51.61,60.53,8.920000000000002
364,Technical Skills,Technical,2026-05-09,2026-05-11,2,228.57,In Progress,68.92,93.06,24.14
364,Project Management,Management,2025-12-15,2025-12-17,2,1041.32,Completed,69.39,99.7,30.310000000000002
364,Communication Skills,Soft Skills,2026-02-04,2026-02-08,4,306.21,Completed,48.91,77.59,28.680000000000007
364,Data Analysis,Technical,2026-01-23,2026-01-27,4,252.08,Completed,37.04,68.24,31.199999999999996
366,Safety Training,Compliance,2025-10-14,2025-10-17,3,1050.36,In Progress,39.75,64.88,25.129999999999995
366,Diversity & Inclusion,Soft Skills,2026-05-11,2026-05-14,3,1140.65,Dropped,62.34,79.39,17.049999999999997
366,Sales Techniques,Functional,2026-04-14,2026-04-15,1,1613.05,In Progress,50.28,68.04,17.760000000000005
366,Communication Skills,Soft Skills,2025-08-08,2025-08-10,2,854.18,Completed,44.45,70.0,25.549999999999997
367,Data Analysis,Technical,2025-09-24,2025-09-25,1,1386.6,Completed,30.15,52.93,22.78
367,Safety Training,Compliance,2025-11-13,2025-11-14,1,1034.3,Completed,62.05,73.93,11.88000000000001
367,Communication Skills,Soft Skills,2025-11-20,2025-11-21,1,1357.62,Completed,39.95,47.5,7.549999999999997
367,Technical Skills,Technical,2025-08-27,2025-08-28,1,633.0,Completed,34.62,44.45,9.830000000000005
368,Leadership Workshop,Leadership,2025-08-22,2025-08-24,2,1562.6,Completed,39.51,48.62,9.11
368,Data Analysis,Technical,2025-11-29,2025-11-30,1,1151.62,Completed,35.32,66.65,31.330000000000005
368,Sales Techniques,Functional,2026-05-18,2026-05-19,1,1087.95,Completed,35.0,62.42,27.42
369,Safety Training,Compliance,2026-03-22,2026-03-27,5,1676.88,Completed,64.34,96.74,32.39999999999999
369,Technical Skills,Technical,2025-08-01,2025-08-03,2,1814.38,Dropped,48.27,82.24,33.96999999999999
370,Technical Skills,Technical,2026-04-24,2026-04-28,4,1186.79,Completed,40.79,53.92,13.130000000000003
370,Data Analysis,Technical,2025-10-30,2025-11-02,3,1312.07,Dropped,45.11,67.01,21.900000000000006
371,Data Analysis,Technical,2026-06-12,2026-06-16,4,1702.18,In Progress,41.27,53.32,12.049999999999997
371,Safety Training,Compliance,2025-11-20,2025-11-24,4,1591.68,Completed,67.52,97.01,29.49000000000001
372,Technical Skills,Technical,2026-06-28,2026-07-03,5,1474.64,Completed,64.55,91.72,27.17
372,Data Analysis,Technical,2026-03-04,2026-03-05,1,1871.49,In Progress,30.96,53.45,22.490000000000002
372,Leadership Workshop,Leadership,2026-02-28,2026-03-05,5,932.15,Completed,52.09,86.3,34.209999999999994
372,Safety Training,Compliance,2026-07-05,2026-07-08,3,1442.45,In Progress,57.54,86.51,28.970000000000006
375,Safety Training,Compliance,2026-03-10,2026-03-11,1,747.56,Dropped,42.83,70.7,27.870000000000005
375,Technical Skills,Technical,2025-07-15,2025-07-16,1,1096.48,Completed,45.8,56.63,10.830000000000005
375,Diversity & Inclusion,Soft Skills,2025-07-15,2025-07-19,4,1003.41,In Progress,36.87,52.49,15.620000000000005
375,Project Management,Management,2026-03-20,2026-03-23,3,596.64,Dropped,54.67,74.44,19.769999999999996
376,Communication Skills,Soft Skills,2025-09-02,2025-09-07,5,1403.11,Completed,50.36,80.93,30.570000000000007
376,Project Management,Management,2026-05-06,2026-05-10,4,543.41,Completed,59.67,67.24,7.569999999999993
376,Leadership Workshop,Leadership,2025-10-04,2025-10-08,4,766.82,Dropped,66.3,77.39,11.090000000000003
377,Diversity & Inclusion,Soft Skills,2026-01-12,2026-01-14,2,993.4,Completed,34.34,47.6,13.259999999999998
377,Leadership Workshop,Leadership,2026-03-07,2026-03-08,1,209.08,Completed,61.17,68.92,7.75
377,Sales Techniques,Functional,2026-03-02,2026-03-05,3,271.1,In Progress,32.68,45.44,12.759999999999998
378,Safety Training,Compliance,2026-05-28,2026-06-01,4,513.95,Completed,41.65,57.9,16.25
379,Safety Training,Compliance,2025-10-15,2025-10-19,4,680.12,Dropped,43.6,54.27,10.670000000000002
379,Communication Skills,Soft Skills,2026-03-27,2026-03-29,2,1283.8,Completed,44.65,60.22,15.57
379,Project Management,Management,2025-10-07,2025-10-09,2,1336.87,Completed,63.15,94.45,31.300000000000004
379,Diversity & Inclusion,Soft Skills,2025-09-02,2025-09-05,3,360.37,Completed,56.55,66.39,9.840000000000003
380,Leadership Workshop,Leadership,2026-03-31,2026-04-03,3,1505.68,Dropped,61.36,73.5,12.14
380,Communication Skills,Soft Skills,2025-07-05,2025-07-09,4,1311.13,Dropped,69.82,93.76,23.940000000000012
380,Data Analysis,Technical,2026-02-16,2026-02-19,3,401.0,Completed,59.83,78.3,18.47
381,Diversity & Inclusion,Soft Skills,2025-09-09,2025-09-14,5,537.91,Completed,63.88,78.45,14.57
382,Safety Training,Compliance,2025-09-12,2025-09-16,4,1498.91,Completed,40.97,45.99,5.020000000000003
382,Leadership Workshop,Leadership,2026-06-04,2026-06-05,1,1715.9,Completed,58.47,86.74,28.269999999999996
382,Technical Skills,Technical,2025-07-17,2025-07-18,1,716.12,Completed,60.58,66.43,5.8500000000000085
382,Communication Skills,Soft Skills,2025-08-16,2025-08-20,4,1417.38,Completed,51.91,84.53,32.620000000000005
383,Safety Training,Compliance,2025-08-02,2025-08-04,2,543.6,Dropped,66.65,98.29,31.64
383,Technical Skills,Technical,2026-03-14,2026-03-18,4,1369.67,Completed,36.54,65.36,28.82
387,Data Analysis,Technical,2025-11-03,2025-11-07,4,459.19,Completed,36.59,65.49,28.89999999999999
387,Safety Training,Compliance,2025-10-04,2025-10-08,4,1603.71,Completed,51.03,77.48,26.450000000000003
388,Data Analysis,Technical,2026-05-28,2026-06-02,5,704.4,Completed,41.49,67.19,25.699999999999996
388,Leadership Workshop,Leadership,2026-01-05,2026-01-09,4,1769.9,Completed,45.87,76.98,31.110000000000007
388,Communication Skills,Soft Skills,2026-06-01,2026-06-05,4,1574.57,In Progress,33.08,39.63,6.550000000000004
389,Leadership Workshop,Leadership,2026-07-01,2026-07-03,2,1021.99,Completed,62.28,80.5,18.22
389,Technical Skills,Technical,2025-08-20,2025-08-22,2,320.6,Completed,55.95,65.1,9.149999999999991
389,Communication Skills,Soft Skills,2026-05-13,2026-05-14,1,711.37,Completed,47.02,62.35,15.329999999999998
390,Diversity & Inclusion,Soft Skills,2025-07-12,2025-07-16,4,1851.3,Dropped,56.48,74.41,17.93
390,Safety Training,Compliance,2025-08-13,2025-08-17,4,1509.21,In Progress,65.05,77.61,12.560000000000002
391,Leadership Workshop,Leadership,2025-09-29,2025-10-02,3,753.51,Dropped,49.67,78.33,28.659999999999997
391,Safety Training,Compliance,2025-08-10,2025-08-12,2,1956.81,Completed,50.08,60.36,10.280000000000001
391,Sales Techniques,Functional,2026-05-24,2026-05-27,3,1867.01,Completed,66.33,88.76,22.430000000000007
392,Safety Training,Compliance,2026-01-09,2026-01-12,3,1894.04,Completed,47.61,70.62,23.010000000000005
393,Leadership Workshop,Leadership,2025-07-31,2025-08-03,3,1716.73,In Progress,36.91,48.53,11.620000000000005
393,Technical Skills,Technical,2026-02-17,2026-02-21,4,1186.09,Dropped,30.25,51.92,21.67
394,Sales Techniques,Functional,2025-09-11,2025-09-13,2,1634.72,Completed,30.03,43.74,13.71
394,Technical Skills,Technical,2025-09-30,2025-10-05,5,1018.85,Completed,59.17,91.37,32.2
394,Diversity & Inclusion,Soft Skills,2026-04-06,2026-04-08,2,1359.26,In Progress,48.99,82.19,33.199999999999996
394,Communication Skills,Soft Skills,2025-08-29,2025-08-31,2,941.37,In Progress,65.8,79.1,13.299999999999997
395,Data Analysis,Technical,2026-06-06,2026-06-10,4,1083.06,In Progress,40.08,52.6,12.520000000000003
395,Leadership Workshop,Leadership,2026-06-20,2026-06-21,1,1283.44,Completed,41.89,63.47,21.58
397,Data Analysis,Technical,2025-11-01,2025-11-02,1,1499.85,Completed,55.21,77.51,22.300000000000004
397,Safety Training,Compliance,2025-12-03,2025-12-06,3,939.64,In Progress,62.75,91.98,29.230000000000004
397,Project Management,Management,2025-11-13,2025-11-17,4,1054.65,Completed,58.25,71.34,13.090000000000003
398,Safety Training,Compliance,2025-09-05,2025-09-07,2,813.22,Completed,37.35,67.51,30.160000000000004
398,Sales Techniques,Functional,2026-05-02,2026-05-07,5,388.95,Completed,66.8,85.92,19.120000000000005
399,Diversity & Inclusion,Soft Skills,2026-03-20,2026-03-22,2,970.55,Completed,57.48,70.35,12.869999999999997
399,Technical Skills,Technical,2025-09-27,2025-09-30,3,1854.19,Completed,35.18,45.79,10.61
400,Communication Skills,Soft Skills,2026-03-19,2026-03-22,3,1247.49,Completed,45.31,78.24,32.92999999999999
400,Project Management,Management,2026-01-19,2026-01-22,3,562.7,Completed,32.58,53.68,21.1
400,Technical Skills,Technical,2026-03-06,2026-03-09,3,1477.8,Dropped,56.42,73.42,17.0
400,Data Analysis,Technical,2026-04-18,2026-04-22,4,1833.49,Completed,34.4,51.43,17.03
401,Diversity & Inclusion,Soft Skills,2026-06-02,2026-06-06,4,506.53,In Progress,40.56,52.87,12.309999999999995
401,Technical Skills,Technical,2026-06-26,2026-06-27,1,824.01,Completed,48.03,56.87,8.839999999999996
401,Communication Skills,Soft Skills,2025-08-07,2025-08-09,2,666.71,In Progress,49.03,68.14,19.11
401,Project Management,Management,2026-04-24,2026-04-27,3,1805.97,In Progress,61.41,88.69,27.28
402,Communication Skills,Soft Skills,2025-11-15,2025-11-17,2,1312.7,Completed,46.83,58.09,11.260000000000005
403,Communication Skills,Soft Skills,2026-02-13,2026-02-17,4,1918.76,Completed,61.86,70.64,8.780000000000001
403,Sales Techniques,Functional,2026-05-16,2026-05-17,1,652.64,Completed,49.76,80.49,30.729999999999997
404,Leadership Workshop,Leadership,2026-03-25,2026-03-26,1,348.51,Completed,31.83,65.55,33.72
404,Data Analysis,Technical,2025-11-23,2025-11-24,1,976.3,Dropped,35.4,64.91,29.509999999999998
405,Leadership Workshop,Leadership,2026-01-05,2026-01-07,2,1795.58,In Progress,31.0,42.36,11.36
405,Safety Training,Compliance,2025-07-29,2025-08-03,5,504.64,Completed,69.45,94.78,25.33
405,Communication Skills,Soft Skills,2025-09-07,2025-09-12,5,1999.49,Dropped,65.59,98.67,33.08
407,Data Analysis,Technical,2025-11-30,2025-12-05,5,527.35,Completed,63.6,90.55,26.949999999999996
407,Safety Training,Compliance,2026-01-23,2026-01-27,4,1636.57,Completed,63.31,72.67,9.36
407,Communication Skills,Soft Skills,2026-04-16,2026-04-18,2,797.18,Dropped,45.78,61.26,15.479999999999997
407,Sales Techniques,Functional,2026-07-05,2026-07-06,1,1552.51,Dropped,32.99,38.94,5.949999999999996
408,Project Management,Management,2026-02-12,2026-02-13,1,1651.82,In Progress,54.76,82.69,27.93
408,Safety Training,Compliance,2025-11-27,2025-11-30,3,1995.69,Completed,68.86,76.4,7.540000000000006
408,Communication Skills,Soft Skills,2026-02-26,2026-02-27,1,370.71,In Progress,48.22,78.2,29.980000000000004
408,Data Analysis,Technical,2026-05-02,2026-05-05,3,401.84,Completed,65.63,79.34,13.710000000000008
409,Technical Skills,Technical,2026-03-05,2026-03-09,4,1611.49,Completed,34.39,62.47,28.08
409,Project Management,Management,2025-08-06,2025-08-11,5,856.29,Completed,51.42,76.2,24.78
409,Sales Techniques,Functional,2026-02-22,2026-02-26,4,1326.47,Completed,36.45,56.02,19.57
410,Data Analysis,Technical,2026-05-23,2026-05-26,3,419.51,Completed,36.59,59.89,23.299999999999997
410,Sales Techniques,Functional,2026-01-22,2026-01-25,3,1375.73,Dropped,66.65,96.31,29.659999999999997
410,Diversity & Inclusion,Soft Skills,2026-06-18,2026-06-19,1,1446.02,Dropped,31.02,39.25,8.23
410,Safety Training,Compliance,2025-08-18,2025-08-22,4,993.37,Dropped,60.31,69.8,9.489999999999995
411,Diversity & Inclusion,Soft Skills,2025-11-30,2025-12-03,3,1281.42,Completed,52.04,64.51,12.470000000000006
411,Communication Skills,Soft Skills,2026-03-09,2026-03-10,1,909.92,Dropped,42.16,60.98,18.82
411,Sales Techniques,Functional,2025-09-11,2025-09-14,3,628.98,Completed,42.0,52.67,10.670000000000002
412,Safety Training,Compliance,2026-04-28,2026-04-29,1,885.87,Completed,64.62,97.15,32.53
413,Technical Skills,Technical,2025-12-18,2025-12-23,5,1016.47,Completed,67.71,99.68,31.970000000000013
415,Sales Techniques,Functional,2025-08-05,2025-08-07,2,454.58,Completed,50.51,72.71,22.199999999999996
415,Diversity & Inclusion,Soft Skills,2026-05-22,2026-05-24,2,1227.22,Completed,62.22,77.68,15.460000000000008
416,Diversity & Inclusion,Soft Skills,2025-12-27,2025-12-29,2,1509.43,In Progress,32.87,53.83,20.96
416,Communication Skills,Soft Skills,2026-01-13,2026-01-18,5,1101.25,Completed,38.54,61.1,22.560000000000002
417,Sales Techniques,Functional,2025-12-30,2026-01-04,5,1621.14,In Progress,41.92,53.61,11.689999999999998
417,Technical Skills,Technical,2026-05-22,2026-05-27,5,490.38,Completed,66.56,84.59,18.03
417,Leadership Workshop,Leadership,2026-01-29,2026-02-01,3,660.17,Completed,56.76,68.32,11.559999999999995
418,Diversity & Inclusion,Soft Skills,2026-03-10,2026-03-13,3,431.93,In Progress,57.67,66.75,9.079999999999998
418,Leadership Workshop,Leadership,2026-03-03,2026-03-06,3,1128.58,Completed,39.96,57.65,17.689999999999998
418,Safety Training,Compliance,2025-08-30,2025-08-31,1,1162.32,Completed,43.6,68.38,24.779999999999994
419,Diversity & Inclusion,Soft Skills,2026-05-18,2026-05-22,4,1598.33,Completed,62.83,75.47,12.64
419,Data Analysis,Technical,2026-07-01,2026-07-03,2,1829.18,In Progress,42.08,72.14,30.060000000000002
419,Safety Training,Compliance,2025-07-11,2025-07-13,2,679.05,In Progress,38.79,64.6,25.809999999999995
419,Project Management,Management,2025-08-04,2025-08-05,1,1671.11,Dropped,41.83,75.64,33.81
420,Safety Training,Compliance,2026-06-12,2026-06-14,2,293.55,In Progress,30.79,64.82,34.029999999999994
421,Diversity & Inclusion,Soft Skills,2025-09-06,2025-09-10,4,1599.67,Completed,49.93,56.97,7.039999999999999
421,Safety Training,Compliance,2026-01-07,2026-01-11,4,1690.29,Completed,47.97,72.46,24.489999999999995
421,Project Management,Management,2025-10-29,2025-10-30,1,730.16,In Progress,65.5,91.87,26.370000000000005
421,Leadership Workshop,Leadership,2025-07-31,2025-08-01,1,890.79,In Progress,35.05,47.45,12.400000000000006
422,Sales Techniques,Functional,2025-11-25,2025-11-26,1,1609.31,In Progress,51.04,67.04,16.000000000000007
423,Sales Techniques,Functional,2025-12-10,2025-12-13,3,739.68,Completed,34.61,58.85,24.240000000000002
424,Leadership Workshop,Leadership,2025-11-25,2025-11-26,1,1303.59,Completed,58.65,93.37,34.720000000000006
424,Technical Skills,Technical,2026-04-16,2026-04-18,2,321.4,Completed,65.38,95.08,29.700000000000003
425,Data Analysis,Technical,2025-10-19,2025-10-20,1,907.33,In Progress,35.38,50.73,15.349999999999994
426,Sales Techniques,Functional,2025-07-14,2025-07-16,2,298.62,Dropped,43.15,51.93,8.780000000000001
426,Project Management,Management,2026-04-17,2026-04-19,2,1664.9,In Progress,66.17,78.01,11.840000000000003
427,Communication Skills,Soft Skills,2026-05-07,2026-05-10,3,1169.85,Completed,35.02,56.07,21.049999999999997
427,Sales Techniques,Functional,2025-08-03,2025-08-08,5,847.26,In Progress,58.31,67.46,9.149999999999991
428,Technical Skills,Technical,2026-02-02,2026-02-05,3,1638.28,In Progress,44.18,55.58,11.399999999999999
429,Sales Techniques,Functional,2025-07-26,2025-07-31,5,338.86,Dropped,45.2,78.45,33.25
429,Safety Training,Compliance,2026-04-14,2026-04-15,1,1447.8,Completed,37.91,61.9,23.990000000000002
430,Leadership Workshop,Leadership,2026-03-24,2026-03-25,1,1297.21,Completed,52.5,60.89,8.39
430,Sales Techniques,Functional,2025-11-24,2025-11-26,2,1938.94,Dropped,61.89,76.14,14.25
430,Project Management,Management,2025-11-07,2025-11-10,3,822.96,Completed,60.98,75.07,14.089999999999996
430,Safety Training,Compliance,2026-02-12,2026-02-17,5,699.37,Completed,36.32,57.76,21.439999999999998
431,Sales Techniques,Functional,2025-11-26,2025-11-28,2,1346.45,In Progress,47.51,70.52,23.009999999999998
431,Technical Skills,Technical,2026-04-08,2026-04-13,5,1637.99,Completed,48.95,80.76,31.810000000000002
431,Safety Training,Compliance,2025-07-08,2025-07-11,3,1044.3,Completed,58.98,93.16,34.18
431,Diversity & Inclusion,Soft Skills,2026-01-15,2026-01-18,3,1971.78,Completed,63.46,96.72,33.26
434,Communication Skills,Soft Skills,2026-06-28,2026-07-01,3,340.4,Completed,68.91,87.3,18.39
434,Safety Training,Compliance,2025-10-29,2025-10-31,2,1208.14,Completed,45.53,67.14,21.61
434,Project Management,Management,2026-02-18,2026-02-22,4,534.51,Completed,30.62,44.86,14.239999999999998
435,Diversity & Inclusion,Soft Skills,2025-08-17,2025-08-20,3,1193.67,In Progress,52.65,74.29,21.640000000000008
435,Communication Skills,Soft Skills,2025-12-19,2025-12-20,1,1998.46,Completed,48.56,74.45,25.89
435,Data Analysis,Technical,2025-08-25,2025-08-29,4,514.71,In Progress,51.33,64.84,13.510000000000005
435,Safety Training,Compliance,2025-09-21,2025-09-23,2,205.7,Completed,33.3,44.75,11.450000000000003
436,Safety Training,Compliance,2026-01-24,2026-01-27,3,1999.05,In Progress,35.45,49.54,14.089999999999996
436,Leadership Workshop,Leadership,2025-09-14,2025-09-18,4,290.94,In Progress,69.53,100.0,30.47
438,Safety Training,Compliance,2026-01-08,2026-01-11,3,238.18,Completed,55.47,81.47,26.0
438,Communication Skills,Soft Skills,2025-12-04,2025-12-08,4,1175.49,Completed,34.05,56.48,22.43
438,Leadership Workshop,Leadership,2025-09-23,2025-09-28,5,987.82,Dropped,56.18,85.61,29.43
438,Project Management,Management,2025-08-16,2025-08-20,4,1428.04,Dropped,67.97,74.59,6.6200000000000045
440,Sales Techniques,Functional,2026-03-02,2026-03-06,4,1650.41,Dropped,67.39,82.86,15.469999999999999
440,Technical Skills,Technical,2025-09-05,2025-09-06,1,1674.54,Completed,64.76,84.07,19.309999999999988
440,Leadership Workshop,Leadership,2025-12-19,2025-12-24,5,1473.77,Dropped,31.62,41.69,10.069999999999997
440,Communication Skills,Soft Skills,2026-03-11,2026-03-16,5,574.19,Completed,69.11,88.92,19.810000000000002
441,Communication Skills,Soft Skills,2025-12-15,2025-12-16,1,601.81,Completed,37.17,50.59,13.420000000000002
441,Data Analysis,Technical,2026-03-28,2026-04-02,5,719.17,Completed,62.96,80.41,17.449999999999996
441,Leadership Workshop,Leadership,2026-04-25,2026-04-28,3,833.16,Completed,54.11,72.22,18.11
442,Diversity & Inclusion,Soft Skills,2025-12-14,2025-12-19,5,1403.5,Completed,30.62,36.71,6.09
443,Leadership Workshop,Leadership,2026-02-14,2026-02-16,2,872.04,Dropped,57.04,71.2,14.160000000000004
443,Technical Skills,Technical,2026-06-09,2026-06-12,3,607.12,Completed,35.93,41.34,5.410000000000004
443,Diversity & Inclusion,Soft Skills,2025-09-15,2025-09-20,5,1825.91,Completed,55.1,65.25,10.149999999999999
444,Diversity & Inclusion,Soft Skills,2025-07-29,2025-08-02,4,399.82,Dropped,44.08,76.31,32.230000000000004
444,Sales Techniques,Functional,2025-09-29,2025-10-03,4,1835.67,In Progress,62.93,79.83,16.9
444,Technical Skills,Technical,2026-02-13,2026-02-14,1,1478.92,In Progress,58.16,74.99,16.83
445,Diversity & Inclusion,Soft Skills,2026-05-04,2026-05-06,2,1303.71,Dropped,50.28,81.39,31.11
446,Leadership Workshop,Leadership,2026-02-16,2026-02-21,5,1377.95,Completed,42.88,62.5,19.619999999999997
446,Technical Skills,Technical,2026-04-21,2026-04-24,3,1808.65,Dropped,31.55,60.86,29.31
447,Sales Techniques,Functional,2025-10-07,2025-10-09,2,766.91,Completed,54.44,64.96,10.519999999999996
447,Technical Skills,Technical,2026-01-10,2026-01-13,3,1040.39,In Progress,34.22,67.58,33.36
447,Diversity & Inclusion,Soft Skills,2025-10-06,2025-10-10,4,1778.78,Completed,33.67,57.54,23.869999999999997
447,Project Management,Management,2026-01-12,2026-01-14,2,1056.84,Completed,61.85,84.03,22.18
449,Leadership Workshop,Leadership,2025-10-27,2025-10-30,3,877.12,In Progress,56.54,84.05,27.509999999999998
450,Data Analysis,Technical,2025-09-02,2025-09-03,1,997.25,Completed,42.06,49.01,6.949999999999996
451,Data Analysis,Technical,2026-05-21,2026-05-24,3,1173.99,In Progress,63.28,97.55,34.269999999999996
451,Sales Techniques,Functional,2025-09-28,2025-10-03,5,489.2,Completed,30.78,43.56,12.780000000000001
451,Diversity & Inclusion,Soft Skills,2025-07-26,2025-07-30,4,1243.02,Dropped,68.88,99.65,30.77000000000001
452,Data Analysis,Technical,2025-10-17,2025-10-21,4,608.29,Completed,53.13,74.23,21.1
452,Safety Training,Compliance,2025-12-06,2025-12-08,2,573.18,Completed,45.65,52.79,7.140000000000001
452,Diversity & Inclusion,Soft Skills,2026-02-08,2026-02-09,1,1275.31,Completed,37.33,71.21,33.879999999999995
454,Leadership Workshop,Leadership,2026-04-26,2026-04-30,4,635.77,Completed,32.27,57.5,25.229999999999997
454,Technical Skills,Technical,2026-04-28,2026-04-29,1,1052.79,Completed,53.73,73.01,19.28000000000001
455,Communication Skills,Soft Skills,2026-02-28,2026-03-01,1,969.05,In Progress,56.1,85.82,29.71999999999999
455,Leadership Workshop,Leadership,2025-07-20,2025-07-23,3,304.87,Completed,61.41,78.82,17.409999999999997
455,Sales Techniques,Functional,2025-07-09,2025-07-13,4,1637.68,Completed,56.98,78.16,21.18
455,Diversity & Inclusion,Soft Skills,2026-05-21,2026-05-25,4,1238.66,Completed,32.12,56.63,24.510000000000005
457,Data Analysis,Technical,2025-11-22,2025-11-26,4,945.87,Dropped,60.75,85.49,24.739999999999995
458,Project Management,Management,2026-06-16,2026-06-19,3,599.88,In Progress,59.25,68.79,9.540000000000006
458,Technical Skills,Technical,2025-10-11,2025-10-13,2,1628.4,In Progress,53.37,61.63,8.260000000000005
458,Safety Training,Compliance,2026-02-26,2026-03-03,5,699.66,In Progress,42.68,57.57,14.89
459,Leadership Workshop,Leadership,2025-08-07,2025-08-12,5,1320.73,Completed,67.78,73.16,5.3799999999999955
459,Communication Skills,Soft Skills,2025-10-30,2025-11-01,2,356.13,Completed,46.4,77.66,31.259999999999998
459,Data Analysis,Technical,2026-05-08,2026-05-13,5,964.37,Completed,38.94,60.94,22.0
460,Sales Techniques,Functional,2026-01-30,2026-02-02,3,1954.36,Completed,57.23,88.9,31.67000000000001
462,Project Management,Management,2026-02-16,2026-02-19,3,1055.42,Completed,32.73,57.3,24.57
462,Diversity & Inclusion,Soft Skills,2026-03-05,2026-03-10,5,1051.79,Dropped,61.45,87.27,25.819999999999993
463,Data Analysis,Technical,2025-08-19,2025-08-24,5,823.38,In Progress,30.25,46.76,16.509999999999998
463,Safety Training,Compliance,2025-08-07,2025-08-11,4,1733.6,Completed,64.82,90.36,25.540000000000006
464,Technical Skills,Technical,2026-07-03,2026-07-04,1,1506.71,Completed,64.43,97.97,33.53999999999999
464,Diversity & Inclusion,Soft Skills,2026-05-30,2026-06-01,2,510.38,Dropped,55.92,73.84,17.92
465,Leadership Workshop,Leadership,2026-02-16,2026-02-19,3,1785.18,Completed,36.63,67.93,31.300000000000004
466,Safety Training,Compliance,2026-02-16,2026-02-17,1,975.9,Completed,58.99,66.39,7.399999999999999
466,Project Management,Management,2026-04-06,2026-04-08,2,473.34,Completed,49.99,60.12,10.129999999999995
466,Sales Techniques,Functional,2026-05-04,2026-05-09,5,398.01,Dropped,49.11,69.84,20.730000000000004
467,Technical Skills,Technical,2026-06-15,2026-06-18,3,964.99,Completed,34.1,63.57,29.47
467,Leadership Workshop,Leadership,2026-03-08,2026-03-12,4,553.73,Completed,43.69,69.89,26.200000000000003
467,Communication Skills,Soft Skills,2026-01-28,2026-01-30,2,1005.37,Completed,33.57,39.67,6.100000000000001
468,Safety Training,Compliance,2025-12-15,2025-12-18,3,1664.06,In Progress,65.12,100.0,34.879999999999995
469,Safety Training,Compliance,2025-11-28,2025-12-02,4,585.13,In Progress,48.96,60.84,11.880000000000003
469,Data Analysis,Technical,2026-04-01,2026-04-04,3,1749.6,Completed,40.88,67.2,26.32
469,Sales Techniques,Functional,2026-01-08,2026-01-12,4,1817.81,Completed,67.86,89.31,21.450000000000003
475,Communication Skills,Soft Skills,2026-06-10,2026-06-15,5,1411.42,Completed,32.67,42.51,9.839999999999996
475,Diversity & Inclusion,Soft Skills,2026-02-06,2026-02-08,2,618.24,Completed,44.01,54.7,10.690000000000005
475,Data Analysis,Technical,2025-08-06,2025-08-07,1,1852.25,Dropped,47.55,80.41,32.86
476,Project Management,Management,2026-03-28,2026-03-31,3,1306.92,Completed,30.28,48.85,18.57
477,Technical Skills,Technical,2025-09-07,2025-09-08,1,1464.78,Completed,37.03,71.93,34.900000000000006
477,Leadership Workshop,Leadership,2026-05-06,2026-05-07,1,1317.33,Completed,35.64,61.77,26.130000000000003
478,Leadership Workshop,Leadership,2025-12-21,2025-12-22,1,1754.64,Completed,41.52,75.97,34.449999999999996
478,Communication Skills,Soft Skills,2026-06-19,2026-06-23,4,837.53,Dropped,53.85,82.57,28.71999999999999
480,Diversity & Inclusion,Soft Skills,2025-08-28,2025-09-01,4,1722.66,In Progress,64.15,71.24,7.089999999999989
480,Technical Skills,Technical,2025-12-14,2025-12-15,1,1354.01,In Progress,66.3,86.65,20.35000000000001
480,Safety Training,Compliance,2025-08-15,2025-08-17,2,1577.49,Completed,35.4,60.73,25.33
480,Leadership Workshop,Leadership,2025-09-25,2025-09-29,4,1944.49,Dropped,55.05,87.67,32.620000000000005
484,Project Management,Management,2025-11-07,2025-11-11,4,607.95,Completed,43.31,62.49,19.18
485,Technical Skills,Technical,2025-07-30,2025-08-03,4,695.54,Completed,64.25,85.89,21.64
485,Safety Training,Compliance,2026-06-27,2026-07-01,4,1244.65,Completed,40.82,67.92,27.1
485,Leadership Workshop,Leadership,2026-04-22,2026-04-27,5,1125.98,Dropped,46.25,58.76,12.509999999999998
486,Technical Skills,Technical,2026-02-04,2026-02-05,1,973.81,Completed,62.85,74.99,12.139999999999993
486,Safety Training,Compliance,2025-09-01,2025-09-03,2,474.01,Completed,68.35,80.23,11.88000000000001
487,Leadership Workshop,Leadership,2026-04-06,2026-04-10,4,827.06,Dropped,30.8,54.77,23.970000000000002
488,Technical Skills,Technical,2026-03-14,2026-03-18,4,396.96,Completed,66.09,85.47,19.379999999999995
488,Safety Training,Compliance,2025-10-31,2025-11-05,5,1291.73,Completed,46.15,64.97,18.82
488,Leadership Workshop,Leadership,2025-08-19,2025-08-20,1,850.8,In Progress,30.23,62.35,32.120000000000005
489,Safety Training,Compliance,2025-12-08,2025-12-11,3,1487.35,In Progress,57.78,87.19,29.409999999999997
490,Communication Skills,Soft Skills,2026-03-03,2026-03-05,2,1127.53,Completed,42.43,50.51,8.079999999999998
490,Data Analysis,Technical,2026-03-23,2026-03-24,1,1974.22,Completed,33.85,44.68,10.829999999999998
492,Project Management,Management,2025-07-11,2025-07-16,5,294.15,In Progress,46.1,75.57,29.46999999999999
492,Diversity & Inclusion,Soft Skills,2026-05-17,2026-05-19,2,532.66,Completed,35.49,46.31,10.82
492,Communication Skills,Soft Skills,2026-01-29,2026-02-01,3,1817.9,Completed,40.56,73.68,33.120000000000005
495,Sales Techniques,Functional,2026-03-30,2026-04-04,5,1687.31,Dropped,49.19,54.7,5.510000000000005
495,Technical Skills,Technical,2025-11-21,2025-11-22,1,1191.24,Dropped,37.18,70.64,33.46
495,Communication Skills,Soft Skills,2026-03-03,2026-03-05,2,1106.2,Completed,54.24,83.54,29.300000000000004
495,Data Analysis,Technical,2026-03-29,2026-04-01,3,1944.32,Completed,36.58,53.31,16.730000000000004
496,Technical Skills,Technical,2026-02-11,2026-02-15,4,1803.93,In Progress,61.38,90.95,29.57
496,Project Management,Management,2026-01-08,2026-01-13,5,291.32,Completed,69.7,75.97,6.269999999999996
496,Leadership Workshop,Leadership,2025-11-05,2025-11-07,2,410.07,Completed,58.31,65.07,6.759999999999991
496,Data Analysis,Technical,2026-05-07,2026-05-09,2,1550.16,In Progress,51.94,65.52,13.579999999999998
497,Data Analysis,Technical,2025-07-11,2025-07-14,3,1760.96,In Progress,52.37,69.46,17.089999999999996
497,Diversity & Inclusion,Soft Skills,2026-03-03,2026-03-08,5,1903.66,Completed,40.31,60.28,19.97
498,Sales Techniques,Functional,2025-12-11,2025-12-13,2,1073.34,Completed,58.75,64.51,5.760000000000005
499,Leadership Workshop,Leadership,2026-06-02,2026-06-07,5,1915.29,Completed,45.03,75.73,30.700000000000003
